game,level_game,opponent_elo,omega_color,result,score,running_elo
1,1,1500,black,0-1,1.0,2699.8
2,2,1500,white,1-0,1.0,2699.8
3,3,1500,black,0-1,1.0,2699.8
4,4,1500,white,1-0,1.0,2699.8
5,5,1500,white,0-1,0.0,1740.8
6,6,1500,black,1-0,0.0,1620.4
7,7,1500,white,1-0,1.0,1659.2
8,8,1500,black,0-1,1.0,1690.8
9,9,1500,white,1-0,1.0,1717.6
10,10,1500,white,1-0,1.0,1740.8
11,11,1500,black,1-0,0.0,1670.4
12,12,1500,black,1-0,0.0,1620.4
13,13,1500,black,1-0,0.0,1581.6
14,14,1500,white,1-0,1.0,1602.1
15,15,1500,white,1-0,1.0,1620.4
16,16,1500,white,1-0,1.0,1637.0
17,17,1500,black,0-1,1.0,1652.1
18,18,1500,white,1-0,1.0,1666.0
19,19,1500,black,0-1,1.0,1678.9
20,20,1500,white,1-0,1.0,1690.8
21,21,1500,black,0-1,1.0,1702.1
22,22,1500,white,1-0,1.0,1712.6
23,23,1500,white,1-0,1.0,1722.5
24,24,1500,black,1-0,0.0,1690.8
25,25,1500,white,1-0,1.0,1700.2
26,26,1500,black,0-1,1.0,1709.2
27,27,1500,black,1-0,0.0,1682.4
28,28,1500,white,1-0,1.0,1690.8
29,29,1500,white,1-0,1.0,1698.9
30,30,1500,black,1-0,0.0,1675.7
31,31,1500,white,1-0,1.0,1683.5
32,32,1500,black,0-1,1.0,1690.8
33,33,1500,white,0-1,0.0,1670.4
34,34,1500,black,1-0,0.0,1652.1
35,35,1500,black,0-1,1.0,1659.2
36,36,1500,white,0-1,0.0,1642.6
37,37,1500,white,1-0,1.0,1649.4
38,38,1500,white,1-0,1.0,1656.0
39,39,1500,black,1-0,0.0,1640.9
40,40,1500,black,0-1,1.0,1647.2
41,41,1500,black,0-1,1.0,1653.3
42,42,1500,white,1-0,1.0,1659.2
43,43,1500,white,1-0,1.0,1664.9
44,44,1500,black,0-1,1.0,1670.4
45,45,1500,black,1-0,0.0,1656.5
46,46,1500,white,0-1,0.0,1643.6
47,47,1500,black,1-0,0.0,1631.6
48,48,1500,black,0-1,1.0,1637.0
49,49,1500,white,1-0,1.0,1642.2
50,50,1500,black,0-1,1.0,1647.2
51,51,1500,black,1-0,0.0,1636.0
52,52,1500,black,0-1,1.0,1640.9
53,53,1500,white,1-0,1.0,1645.6
54,54,1500,white,1-0,1.0,1650.3
55,55,1500,black,0-1,1.0,1654.8
56,56,1500,white,1-0,1.0,1659.2
57,57,1500,white,0-1,0.0,1648.6
58,58,1500,white,0-1,0.0,1638.7
59,59,1500,white,1-0,1.0,1643.0
60,60,1500,black,0-1,1.0,1647.2
61,61,1500,black,1-0,0.0,1637.8
62,62,1500,white,1-0,1.0,1641.9
63,63,1500,white,1-0,1.0,1645.9
64,64,1500,black,1-0,0.0,1637.0
65,65,1500,white,1-0,1.0,1640.9
66,66,1500,black,1-0,0.0,1632.4
67,67,1500,white,0-1,0.0,1624.3
68,68,1500,white,1-0,1.0,1628.1
69,69,1500,black,1-0,0.0,1620.4
70,70,1500,black,1-0,0.0,1613.0
71,71,1500,black,0-1,1.0,1616.8
72,72,1500,black,0-1,1.0,1620.4
73,73,1500,black,1-0,0.0,1613.3
74,74,1500,white,1-0,1.0,1616.9
75,75,1500,black,0-1,1.0,1620.4
76,76,1500,white,1-0,1.0,1623.9
77,77,1500,black,1-0,0.0,1617.0
78,78,1500,white,0-1,0.0,1610.5
79,79,1500,black,0-1,1.0,1613.9
80,80,1500,white,0-1,0.0,1607.5
81,81,1500,white,1-0,1.0,1610.8
82,82,1500,white,1-0,1.0,1614.1
83,83,1500,black,0-1,1.0,1617.3
84,84,1500,white,1-0,1.0,1620.4
85,85,1500,white,1-0,1.0,1623.5
86,86,1500,black,1-0,0.0,1617.4
87,87,1500,white,1-0,1.0,1620.4
88,88,1500,black,0-1,1.0,1623.4
89,89,1500,white,0-1,0.0,1617.5
90,90,1500,black,0-1,1.0,1620.4
91,91,1500,black,0-1,1.0,1623.3
92,92,1500,white,1-0,1.0,1626.1
93,93,1500,black,0-1,1.0,1628.9
94,94,1500,black,1-0,0.0,1623.2
95,95,1500,white,1-0,1.0,1625.9
96,96,1500,white,1-0,1.0,1628.6
97,97,1500,black,0-1,1.0,1631.3
98,98,1500,black,1-0,0.0,1625.8
99,99,1500,white,1-0,1.0,1628.4
100,100,1500,white,0-1,0.0,1623.0
101,101,1500,black,0-1,1.0,1625.6
102,102,1500,black,0-1,1.0,1628.1
103,103,1500,white,0-1,0.0,1622.9
104,104,1500,black,0-1,1.0,1625.4
105,105,1500,black,0-1,1.0,1627.9
106,106,1500,white,1-0,1.0,1630.3
107,107,1500,white,1-0,1.0,1632.7
108,108,1500,black,0-1,1.0,1635.1
109,109,1500,white,1-0,1.0,1637.4
110,110,1500,black,1-0,0.0,1632.4
111,111,1500,black,0-1,1.0,1634.7
112,112,1500,white,1-0,1.0,1637.0
113,113,1500,black,0-1,1.0,1639.2
114,114,1500,white,1-0,1.0,1641.4
115,115,1500,white,1-0,1.0,1643.6
116,116,1500,black,0-1,1.0,1645.8
117,117,1500,black,0-1,1.0,1647.9
118,118,1500,white,1/2-1/2,0.5,1646.5
119,119,1500,white,1-0,1.0,1648.6
120,120,1500,white,1-0,1.0,1650.7
121,121,1500,black,1-0,0.0,1645.8
122,122,1500,black,0-1,1.0,1647.9
123,123,1500,white,1-0,1.0,1649.9
124,124,1500,black,0-1,1.0,1651.9
125,125,1500,white,1-0,1.0,1653.9
126,126,1500,black,1-0,0.0,1649.2
127,127,1500,white,1-0,1.0,1651.1
128,128,1500,black,0-1,1.0,1653.0
129,129,1500,black,1-0,0.0,1648.5
130,130,1500,black,0-1,1.0,1650.4
131,131,1500,white,1-0,1.0,1652.3
132,132,1500,white,1-0,1.0,1654.1
133,133,1500,black,0-1,1.0,1656.0
134,134,1500,white,1-0,1.0,1657.8
135,135,1500,white,1-0,1.0,1659.6
136,136,1500,black,0-1,1.0,1661.4
137,137,1500,black,0-1,1.0,1663.2
138,138,1500,white,1-0,1.0,1664.9
139,139,1500,white,0-1,0.0,1660.5
140,140,1500,white,1-0,1.0,1662.2
141,141,1500,black,0-1,1.0,1663.9
142,142,1500,white,1-0,1.0,1665.7
143,143,1500,white,1-0,1.0,1667.3
144,144,1500,black,0-1,1.0,1669.0
145,145,1500,black,0-1,1.0,1670.7
146,146,1500,white,1-0,1.0,1672.3
147,147,1500,black,0-1,1.0,1673.9
148,148,1500,black,0-1,1.0,1675.5
149,149,1500,white,1-0,1.0,1677.1
150,150,1500,white,1-0,1.0,1678.7
151,151,1500,white,1-0,1.0,1680.3
152,152,1500,black,0-1,1.0,1681.8
153,153,1500,white,1-0,1.0,1683.4
154,154,1500,white,1-0,1.0,1684.9
155,155,1500,black,0-1,1.0,1686.4
156,156,1500,black,0-1,1.0,1687.9
157,157,1500,black,0-1,1.0,1689.4
158,158,1500,white,1-0,1.0,1690.8
159,159,1500,black,0-1,1.0,1692.3
160,160,1500,white,1-0,1.0,1693.8
161,161,1500,white,0-1,0.0,1689.4
162,162,1500,black,0-1,1.0,1690.8
163,163,1500,black,1-0,0.0,1686.6
164,164,1500,white,1-0,1.0,1688.0
165,165,1500,black,1-0,0.0,1683.9
166,166,1500,black,0-1,1.0,1685.3
167,167,1500,white,0-1,0.0,1681.3
168,168,1500,white,1-0,1.0,1682.7
169,169,1500,black,1-0,0.0,1678.7
170,170,1500,white,0-1,0.0,1674.9
171,171,1500,black,1-0,0.0,1671.1
172,172,1500,black,1-0,0.0,1667.4
173,173,1500,white,1-0,1.0,1668.8
174,174,1500,black,0-1,1.0,1670.2
175,175,1500,white,1-0,1.0,1671.5
176,176,1500,black,0-1,1.0,1672.9
177,177,1500,white,0-1,0.0,1669.3
178,178,1500,black,1-0,0.0,1665.7
179,179,1500,white,0-1,0.0,1662.2
180,180,1500,white,1-0,1.0,1663.6
181,181,1500,white,1-0,1.0,1664.9
182,182,1500,black,0-1,1.0,1666.3
183,183,1500,black,1-0,0.0,1662.8
184,184,1500,white,1-0,1.0,1664.2
185,185,1500,black,0-1,1.0,1665.5
186,186,1500,white,1-0,1.0,1666.8
187,187,1500,black,0-1,1.0,1668.1
188,188,1500,black,0-1,1.0,1669.3
189,189,1500,white,0-1,0.0,1666.0
190,190,1500,white,0-1,0.0,1662.7
191,191,1500,white,0-1,0.0,1659.5
192,192,1500,black,0-1,1.0,1660.8
193,193,1500,black,0-1,1.0,1662.0
194,194,1500,white,1-0,1.0,1663.3
195,195,1500,black,0-1,1.0,1664.5
196,196,1500,black,1-0,0.0,1661.4
197,197,1500,black,0-1,1.0,1662.6
198,198,1500,white,1-0,1.0,1663.8
199,199,1500,black,0-1,1.0,1665.0
200,200,1500,black,0-1,1.0,1666.2
201,201,1500,white,1-0,1.0,1667.4
202,202,1500,black,1-0,0.0,1664.3
203,203,1500,white,0-1,0.0,1661.3
204,204,1500,white,0-1,0.0,1658.3
205,205,1500,white,0-1,0.0,1655.3
206,206,1500,white,1-0,1.0,1656.5
207,207,1500,black,1-0,0.0,1653.6
208,208,1500,white,1-0,1.0,1654.8
209,209,1500,black,1-0,0.0,1652.0
210,210,1500,white,1-0,1.0,1653.1
211,211,1500,white,0-1,0.0,1650.3
212,212,1500,white,1-0,1.0,1651.5
213,213,1500,black,0-1,1.0,1652.7
214,214,1500,black,1/2-1/2,0.5,1651.9
215,215,1500,white,1-0,1.0,1653.0
216,216,1500,white,1-0,1.0,1654.1
217,217,1500,black,1-0,0.0,1651.4
218,218,1500,black,0-1,1.0,1652.5
219,219,1500,white,1-0,1.0,1653.7
220,220,1500,black,0-1,1.0,1654.8
221,221,1500,black,0-1,1.0,1655.9
222,222,1500,black,0-1,1.0,1657.0
223,223,1500,black,0-1,1.0,1658.1
224,224,1500,white,1-0,1.0,1659.2
225,225,1500,black,0-1,1.0,1660.3
226,226,1500,white,1-0,1.0,1661.3
227,227,1500,white,1-0,1.0,1662.4
228,228,1500,white,1-0,1.0,1663.5
229,229,1500,black,0-1,1.0,1664.5
230,230,1500,white,1-0,1.0,1665.6
231,231,1500,black,0-1,1.0,1666.6
232,232,1500,white,0-1,0.0,1663.9
233,233,1500,white,0-1,0.0,1661.3
234,234,1500,black,1-0,0.0,1658.7
235,235,1500,white,1-0,1.0,1659.7
236,236,1500,black,1-0,0.0,1657.1
237,237,1500,white,1-0,1.0,1658.2
238,238,1500,white,1-0,1.0,1659.2
239,239,1500,black,0-1,1.0,1660.2
240,240,1500,black,1-0,0.0,1657.7
241,241,1500,black,0-1,1.0,1658.7
242,242,1500,white,1-0,1.0,1659.7
243,243,1500,black,0-1,1.0,1660.7
244,244,1500,white,1-0,1.0,1661.7
245,245,1500,white,0-1,0.0,1659.2
246,246,1500,black,0-1,1.0,1660.2
247,247,1500,black,1-0,0.0,1657.7
248,248,1500,white,1-0,1.0,1658.7
249,249,1500,black,1-0,0.0,1656.3
250,250,1500,white,0-1,0.0,1653.9
251,251,1500,white,0-1,0.0,1651.5
252,252,1500,black,0-1,1.0,1652.5
253,253,1500,black,0-1,1.0,1653.4
254,254,1500,white,0-1,0.0,1651.1
255,255,1500,white,1-0,1.0,1652.1
256,256,1500,black,0-1,1.0,1653.0
257,257,1500,black,0-1,1.0,1654.0
258,258,1500,white,1-0,1.0,1655.0
259,259,1500,white,1-0,1.0,1655.9
260,260,1500,black,0-1,1.0,1656.8
261,261,1500,white,1-0,1.0,1657.8
262,262,1500,white,0-1,0.0,1655.5
263,263,1500,black,0-1,1.0,1656.4
264,264,1500,white,1-0,1.0,1657.3
265,265,1500,black,0-1,1.0,1658.3
266,266,1500,white,0-1,0.0,1656.0
267,267,1500,white,1-0,1.0,1656.9
268,268,1500,black,1-0,0.0,1654.7
269,269,1500,black,1-0,0.0,1652.5
270,270,1500,black,0-1,1.0,1653.4
271,271,1500,black,0-1,1.0,1654.3
272,272,1500,white,1-0,1.0,1655.2
273,273,1500,black,0-1,1.0,1656.1
274,274,1500,white,1-0,1.0,1657.0
275,275,1500,white,1-0,1.0,1657.9
276,276,1500,black,0-1,1.0,1658.7
277,277,1500,white,1-0,1.0,1659.6
278,278,1500,black,0-1,1.0,1660.5
279,279,1500,black,0-1,1.0,1661.4
280,280,1500,black,0-1,1.0,1662.2
281,281,1500,white,1/2-1/2,0.5,1661.6
282,282,1500,white,1-0,1.0,1662.4
283,283,1500,white,1-0,1.0,1663.3
284,284,1500,white,1-0,1.0,1664.1
285,285,1500,black,1-0,0.0,1662.0
286,286,1500,black,0-1,1.0,1662.8
287,287,1500,black,1-0,0.0,1660.7
288,288,1500,black,1/2-1/2,0.5,1660.0
289,289,1500,white,1-0,1.0,1660.9
290,290,1500,black,0-1,1.0,1661.7
291,291,1500,white,1-0,1.0,1662.5
292,292,1500,white,1-0,1.0,1663.4
293,293,1500,black,0-1,1.0,1664.2
294,294,1500,white,1-0,1.0,1665.0
295,295,1500,black,0-1,1.0,1665.8
296,296,1500,white,1-0,1.0,1666.6
297,297,1500,black,0-1,1.0,1667.4
298,298,1500,white,1-0,1.0,1668.3
299,299,1500,white,1-0,1.0,1669.1
300,300,1500,black,0-1,1.0,1669.9
301,301,1500,white,1-0,1.0,1670.7
302,302,1500,black,0-1,1.0,1671.4
303,303,1500,black,0-1,1.0,1672.2
304,304,1500,white,1-0,1.0,1673.0
305,305,1500,black,1-0,0.0,1670.9
306,306,1500,black,1-0,0.0,1668.8
307,307,1500,white,1-0,1.0,1669.6
308,308,1500,black,0-1,1.0,1670.4
309,309,1500,black,0-1,1.0,1671.2
310,310,1500,white,1-0,1.0,1671.9
311,311,1500,white,0-1,0.0,1669.9
312,312,1500,white,1-0,1.0,1670.6
313,313,1500,black,0-1,1.0,1671.4
314,314,1500,black,0-1,1.0,1672.2
315,315,1500,black,0-1,1.0,1672.9
316,316,1500,white,1-0,1.0,1673.7
317,317,1500,black,1/2-1/2,0.5,1673.0
318,318,1500,white,1-0,1.0,1673.8
319,319,1500,white,0-1,0.0,1671.8
320,320,1500,black,1-0,0.0,1669.8
321,321,1500,white,1-0,1.0,1670.5
322,322,1500,black,0-1,1.0,1671.3
323,323,1500,white,0-1,0.0,1669.3
324,324,1500,black,0-1,1.0,1670.0
325,325,1500,white,1-0,1.0,1670.8
326,326,1500,black,0-1,1.0,1671.5
327,327,1500,white,1-0,1.0,1672.2
328,328,1500,black,0-1,1.0,1672.9
329,329,1500,white,1-0,1.0,1673.7
330,330,1500,white,1-0,1.0,1674.4
331,331,1500,black,0-1,1.0,1675.1
332,332,1500,black,1-0,0.0,1673.2
333,333,1500,white,1-0,1.0,1673.9
334,334,1500,white,1-0,1.0,1674.6
335,335,1500,white,1-0,1.0,1675.3
336,336,1500,black,1-0,0.0,1673.4
337,337,1500,black,0-1,1.0,1674.1
338,338,1500,white,1-0,1.0,1674.8
339,339,1500,white,1-0,1.0,1675.5
340,340,1500,black,1-0,0.0,1673.6
341,341,1500,white,1-0,1.0,1674.3
342,342,1500,white,1-0,1.0,1675.0
343,343,1500,black,1-0,0.0,1673.1
344,344,1500,white,0-1,0.0,1671.2
345,345,1500,black,1-0,0.0,1669.4
346,346,1500,black,0-1,1.0,1670.0
347,347,1500,white,1-0,1.0,1670.7
348,348,1500,black,1-0,0.0,1668.9
349,349,1500,black,0-1,1.0,1669.6
350,350,1500,black,0-1,1.0,1670.3
351,351,1500,white,1-0,1.0,1671.0
352,352,1500,white,1-0,1.0,1671.6
353,353,1500,white,0-1,0.0,1669.8
354,354,1500,black,0-1,1.0,1670.5
355,355,1500,white,1-0,1.0,1671.2
356,356,1500,black,0-1,1.0,1671.8
357,357,1500,black,1-0,0.0,1670.1
358,358,1500,white,1-0,1.0,1670.7
359,359,1500,white,1-0,1.0,1671.4
360,360,1500,black,0-1,1.0,1672.0
361,361,1500,black,1-0,0.0,1670.3
362,362,1500,black,0-1,1.0,1670.9
363,363,1500,white,1-0,1.0,1671.6
364,364,1500,black,0-1,1.0,1672.3
365,365,1500,white,1-0,1.0,1672.9
366,366,1500,black,1-0,0.0,1671.1
367,367,1500,white,1-0,1.0,1671.8
368,368,1500,black,0-1,1.0,1672.4
369,369,1500,white,1-0,1.0,1673.1
370,370,1500,white,1-0,1.0,1673.7
371,371,1500,black,0-1,1.0,1674.4
372,372,1500,white,1-0,1.0,1675.0
373,373,1500,white,0-1,0.0,1673.3
374,374,1500,black,0-1,1.0,1673.9
375,375,1500,black,0-1,1.0,1674.6
376,376,1500,black,0-1,1.0,1675.2
377,377,1500,white,1-0,1.0,1675.8
378,378,1500,white,0-1,0.0,1674.1
379,379,1500,white,1-0,1.0,1674.7
380,380,1500,black,1-0,0.0,1673.0
381,381,1500,black,0-1,1.0,1673.6
382,382,1500,black,1-0,0.0,1672.0
383,383,1500,white,0-1,0.0,1670.3
384,384,1500,black,1-0,0.0,1668.6
385,385,1500,white,1-0,1.0,1669.3
386,386,1500,white,1-0,1.0,1669.9
387,387,1500,black,1-0,0.0,1668.2
388,388,1500,black,0-1,1.0,1668.9
389,389,1500,white,0-1,0.0,1667.2
390,390,1500,black,0-1,1.0,1667.8
391,391,1500,black,0-1,1.0,1668.5
392,392,1500,black,0-1,1.0,1669.1
393,393,1500,white,1-0,1.0,1669.7
394,394,1500,white,1-0,1.0,1670.3
395,395,1500,white,1-0,1.0,1670.9
396,396,1500,black,0-1,1.0,1671.5
397,397,1500,black,0-1,1.0,1672.1
398,398,1500,white,1-0,1.0,1672.7
399,399,1500,white,1-0,1.0,1673.3
400,400,1500,black,1-0,0.0,1671.7
401,401,1500,black,1-0,0.0,1670.1
402,402,1500,white,1-0,1.0,1670.7
403,403,1500,black,1-0,0.0,1669.1
404,404,1500,black,0-1,1.0,1669.7
405,405,1500,white,0-1,0.0,1668.1
406,406,1500,white,1-0,1.0,1668.7
407,407,1500,white,0-1,0.0,1667.2
408,408,1500,white,0-1,0.0,1665.6
409,409,1500,black,0-1,1.0,1666.2
410,410,1500,black,1-0,0.0,1664.7
411,411,1500,white,0-1,0.0,1663.2
412,412,1500,white,0-1,0.0,1661.7
413,413,1500,white,1-0,1.0,1662.3
414,414,1500,black,1-0,0.0,1660.8
415,415,1500,white,1-0,1.0,1661.4
416,416,1500,black,0-1,1.0,1662.0
417,417,1500,black,1-0,0.0,1660.5
418,418,1500,black,1-0,0.0,1659.0
419,419,1500,white,1-0,1.0,1659.6
420,420,1500,white,1-0,1.0,1660.2
421,421,1500,black,0-1,1.0,1660.8
422,422,1500,black,0-1,1.0,1661.3
423,423,1500,white,1-0,1.0,1661.9
424,424,1500,black,0-1,1.0,1662.5
425,425,1500,white,1-0,1.0,1663.1
426,426,1500,white,1-0,1.0,1663.6
427,427,1500,black,0-1,1.0,1664.2
428,428,1500,white,1-0,1.0,1664.8
429,429,1500,black,0-1,1.0,1665.3
430,430,1500,white,1-0,1.0,1665.9
431,431,1500,black,0-1,1.0,1666.4
432,432,1500,black,1-0,0.0,1665.0
433,433,1500,white,0-1,0.0,1663.6
434,434,1500,white,1-0,1.0,1664.1
435,435,1500,white,1-0,1.0,1664.7
436,436,1500,black,0-1,1.0,1665.2
437,437,1500,black,0-1,1.0,1665.8
438,438,1500,white,1-0,1.0,1666.3
439,439,1500,white,1-0,1.0,1666.9
440,440,1500,black,0-1,1.0,1667.4
441,441,1500,white,1-0,1.0,1668.0
442,442,1500,black,0-1,1.0,1668.5
443,443,1500,white,1-0,1.0,1669.0
444,444,1500,black,0-1,1.0,1669.6
445,445,1500,white,1-0,1.0,1670.1
446,446,1500,black,0-1,1.0,1670.7
447,447,1500,black,0-1,1.0,1671.2
448,448,1500,black,1-0,0.0,1669.8
449,449,1500,white,1-0,1.0,1670.3
450,450,1500,black,0-1,1.0,1670.8
451,451,1500,black,1-0,0.0,1669.4
452,452,1500,white,1-0,1.0,1669.9
453,453,1500,white,1-0,1.0,1670.5
454,454,1500,black,0-1,1.0,1671.0
455,455,1500,white,1-0,1.0,1671.5
456,456,1500,white,1-0,1.0,1672.0
457,457,1500,black,1-0,0.0,1670.6
458,458,1500,black,0-1,1.0,1671.2
459,459,1500,white,1-0,1.0,1671.7
460,460,1500,white,1-0,1.0,1672.2
461,461,1500,white,1-0,1.0,1672.7
462,462,1500,white,1-0,1.0,1673.2
463,463,1500,black,0-1,1.0,1673.8
464,464,1500,white,1-0,1.0,1674.3
465,465,1500,black,0-1,1.0,1674.8
466,466,1500,black,1-0,0.0,1673.4
467,467,1500,black,1-0,0.0,1672.0
468,468,1500,black,0-1,1.0,1672.5
469,469,1500,black,0-1,1.0,1673.0
470,470,1500,white,1-0,1.0,1673.5
471,471,1500,white,1-0,1.0,1674.0
472,472,1500,black,1-0,0.0,1672.7
473,473,1500,white,0-1,0.0,1671.3
474,474,1500,black,1-0,0.0,1670.0
475,475,1500,white,0-1,0.0,1668.6
476,476,1500,black,0-1,1.0,1669.1
477,477,1500,white,1-0,1.0,1669.6
478,478,1500,white,1-0,1.0,1670.1
479,479,1500,black,0-1,1.0,1670.6
480,480,1500,black,0-1,1.0,1671.1
481,481,1500,white,0-1,0.0,1669.8
482,482,1500,black,0-1,1.0,1670.3
483,483,1500,white,1-0,1.0,1670.8
484,484,1500,white,1-0,1.0,1671.3
485,485,1500,white,0-1,0.0,1670.0
486,486,1500,white,1-0,1.0,1670.5
487,487,1500,black,1-0,0.0,1669.2
488,488,1500,black,0-1,1.0,1669.7
489,489,1500,black,1-0,0.0,1668.4
490,490,1500,black,0-1,1.0,1668.8
491,491,1500,black,1-0,0.0,1667.6
492,492,1500,white,1-0,1.0,1668.0
493,493,1500,white,1-0,1.0,1668.5
494,494,1500,black,0-1,1.0,1669.0
495,495,1500,white,1-0,1.0,1669.5
496,496,1500,white,1-0,1.0,1670.0
497,497,1500,black,1-0,0.0,1668.7
498,498,1500,white,0-1,0.0,1667.4
499,499,1500,black,0-1,1.0,1667.9
500,500,1500,white,1-0,1.0,1668.4
501,501,1500,black,1-0,0.0,1667.1
502,502,1500,black,1-0,0.0,1665.9
503,503,1500,black,0-1,1.0,1666.4
504,504,1500,black,0-1,1.0,1666.8
505,505,1500,black,0-1,1.0,1667.3
506,506,1500,white,1-0,1.0,1667.8
507,507,1500,white,1-0,1.0,1668.3
508,508,1500,white,1-0,1.0,1668.7
509,509,1500,white,1-0,1.0,1669.2
510,510,1500,black,0-1,1.0,1669.7
511,511,1500,white,1-0,1.0,1670.2
512,512,1500,white,1-0,1.0,1670.6
513,513,1500,black,1-0,0.0,1669.4
514,514,1500,white,1-0,1.0,1669.8
515,515,1500,black,1-0,0.0,1668.6
516,516,1500,black,0-1,1.0,1669.1
517,517,1500,white,1-0,1.0,1669.5
518,518,1500,white,1-0,1.0,1670.0
519,519,1500,black,0-1,1.0,1670.5
520,520,1500,white,1-0,1.0,1670.9
521,521,1500,black,0-1,1.0,1671.4
522,522,1500,white,1-0,1.0,1671.8
523,523,1500,white,1-0,1.0,1672.3
524,524,1500,black,0-1,1.0,1672.7
525,525,1500,black,0-1,1.0,1673.2
526,526,1500,white,1-0,1.0,1673.7
527,527,1500,white,1-0,1.0,1674.1
528,528,1500,black,0-1,1.0,1674.6
529,529,1500,white,1-0,1.0,1675.0
530,530,1500,white,1-0,1.0,1675.5
531,531,1500,white,1-0,1.0,1675.9
532,532,1500,white,0-1,0.0,1674.7
533,533,1500,black,1-0,0.0,1673.5
534,534,1500,black,0-1,1.0,1673.9
535,535,1500,black,1-0,0.0,1672.7
536,536,1500,white,1-0,1.0,1673.1
537,537,1500,black,1-0,0.0,1671.9
538,538,1500,black,1-0,0.0,1670.8
539,539,1500,black,0-1,1.0,1671.2
540,540,1500,black,1-0,0.0,1670.0
541,541,1500,black,1-0,0.0,1668.8
542,542,1500,white,1-0,1.0,1669.3
543,543,1500,white,1-0,1.0,1669.7
544,544,1500,white,1-0,1.0,1670.2
545,545,1500,white,1-0,1.0,1670.6
546,546,1500,white,1-0,1.0,1671.0
547,547,1500,black,1-0,0.0,1669.9
548,548,1500,black,0-1,1.0,1670.3
549,549,1500,black,1-0,0.0,1669.2
550,550,1500,black,0-1,1.0,1669.6
551,551,1500,white,1-0,1.0,1670.0
552,552,1500,black,0-1,1.0,1670.5
553,553,1500,white,1-0,1.0,1670.9
554,554,1500,white,1-0,1.0,1671.3
555,555,1500,white,1-0,1.0,1671.8
556,556,1500,white,0-1,0.0,1670.6
557,557,1500,black,0-1,1.0,1671.0
558,558,1500,black,0-1,1.0,1671.5
559,559,1500,white,1-0,1.0,1671.9
560,560,1500,white,1-0,1.0,1672.3
561,561,1500,black,1-0,0.0,1671.2
562,562,1500,white,1-0,1.0,1671.6
563,563,1500,white,1-0,1.0,1672.0
564,564,1500,black,0-1,1.0,1672.4
565,565,1500,black,0-1,1.0,1672.9
566,566,1500,black,0-1,1.0,1673.3
567,567,1500,white,1-0,1.0,1673.7
568,568,1500,black,0-1,1.0,1674.1
569,569,1500,white,1-0,1.0,1674.5
570,570,1500,white,1-0,1.0,1675.0
571,571,1500,black,0-1,1.0,1675.4
572,572,1500,black,0-1,1.0,1675.8
573,573,1500,white,1-0,1.0,1676.2
574,574,1500,black,1-0,0.0,1675.1
575,575,1500,black,1-0,0.0,1673.9
576,576,1500,white,1-0,1.0,1674.3
577,577,1500,black,1-0,0.0,1673.2
578,578,1500,white,1-0,1.0,1673.6
579,579,1500,black,0-1,1.0,1674.0
580,580,1500,black,0-1,1.0,1674.5
581,581,1500,white,1-0,1.0,1674.9
582,582,1500,black,0-1,1.0,1675.3
583,583,1500,white,1-0,1.0,1675.7
584,584,1500,white,1-0,1.0,1676.1
585,585,1500,black,0-1,1.0,1676.5
586,586,1500,black,1-0,0.0,1675.4
587,587,1500,white,1-0,1.0,1675.8
588,588,1500,white,1-0,1.0,1676.2
589,589,1500,black,1-0,0.0,1675.1
590,590,1500,white,1-0,1.0,1675.5
591,591,1500,black,0-1,1.0,1675.9
592,592,1500,white,0-1,0.0,1674.8
593,593,1500,black,0-1,1.0,1675.2
594,594,1500,white,0-1,0.0,1674.1
595,595,1500,black,1-0,0.0,1673.0
596,596,1500,white,1-0,1.0,1673.4
597,597,1500,white,1-0,1.0,1673.8
598,598,1500,black,0-1,1.0,1674.2
599,599,1500,white,1-0,1.0,1674.6
600,600,1500,black,1-0,0.0,1673.5
601,601,1500,white,1-0,1.0,1673.9
602,602,1500,white,1-0,1.0,1674.3
603,603,1500,black,0-1,1.0,1674.7
604,604,1500,black,0-1,1.0,1675.1
605,605,1500,black,0-1,1.0,1675.5
606,606,1500,black,0-1,1.0,1675.9
607,607,1500,white,1-0,1.0,1676.3
608,608,1500,black,0-1,1.0,1676.7
609,609,1500,white,1-0,1.0,1677.0
610,610,1500,white,1-0,1.0,1677.4
611,611,1500,white,1-0,1.0,1677.8
612,612,1500,black,0-1,1.0,1678.2
613,613,1500,black,0-1,1.0,1678.6
614,614,1500,white,1-0,1.0,1679.0
615,615,1500,white,1-0,1.0,1679.4
616,616,1500,white,1-0,1.0,1679.7
617,617,1500,black,1-0,0.0,1678.7
618,618,1500,black,0-1,1.0,1679.1
619,619,1500,black,0-1,1.0,1679.4
620,620,1500,white,1-0,1.0,1679.8
621,621,1500,white,1-0,1.0,1680.2
622,622,1500,white,1-0,1.0,1680.6
623,623,1500,black,0-1,1.0,1681.0
624,624,1500,black,1-0,0.0,1679.9
625,625,1500,white,1-0,1.0,1680.3
626,626,1500,white,1-0,1.0,1680.6
627,627,1500,black,1-0,0.0,1679.6
628,628,1500,white,0-1,0.0,1678.5
629,629,1500,black,0-1,1.0,1678.9
630,630,1500,white,1-0,1.0,1679.3
631,631,1500,black,0-1,1.0,1679.6
632,632,1500,black,1-0,0.0,1678.6
633,633,1500,black,0-1,1.0,1679.0
634,634,1500,white,1-0,1.0,1679.3
635,635,1500,white,1-0,1.0,1679.7
636,636,1500,black,1-0,0.0,1678.7
637,637,1500,black,0-1,1.0,1679.0
638,638,1500,white,1-0,1.0,1679.4
639,639,1500,white,1-0,1.0,1679.8
640,640,1500,black,1-0,0.0,1678.8
641,641,1500,white,0-1,0.0,1677.7
642,642,1500,white,1-0,1.0,1678.1
643,643,1500,black,1-0,0.0,1677.1
644,644,1500,white,1-0,1.0,1677.4
645,645,1500,black,0-1,1.0,1677.8
646,646,1500,black,0-1,1.0,1678.2
647,647,1500,white,1-0,1.0,1678.5
648,648,1500,white,0-1,0.0,1677.5
649,649,1500,black,0-1,1.0,1677.9
650,650,1500,white,1-0,1.0,1678.2
651,651,1500,black,1-0,0.0,1677.2
652,652,1500,white,1-0,1.0,1677.6
653,653,1500,black,0-1,1.0,1678.0
654,654,1500,black,1-0,0.0,1677.0
655,655,1500,white,1-0,1.0,1677.3
656,656,1500,white,1-0,1.0,1677.7
657,657,1500,black,0-1,1.0,1678.0
658,658,1500,black,0-1,1.0,1678.4
659,659,1500,white,0-1,0.0,1677.4
660,660,1500,black,1-0,0.0,1676.4
661,661,1500,white,0-1,0.0,1675.4
662,662,1500,black,1-0,0.0,1674.4
663,663,1500,white,1-0,1.0,1674.8
664,664,1500,white,1-0,1.0,1675.2
665,665,1500,black,1-0,0.0,1674.2
666,666,1500,black,0-1,1.0,1674.5
667,667,1500,white,1-0,1.0,1674.9
668,668,1500,white,1-0,1.0,1675.2
669,669,1500,black,0-1,1.0,1675.6
670,670,1500,white,1-0,1.0,1676.0
671,671,1500,black,1-0,0.0,1675.0
672,672,1500,black,1-0,0.0,1674.0
673,673,1500,black,0-1,1.0,1674.4
674,674,1500,black,0-1,1.0,1674.7
675,675,1500,black,1-0,0.0,1673.8
676,676,1500,white,1-0,1.0,1674.1
677,677,1500,white,1-0,1.0,1674.5
678,678,1500,white,1-0,1.0,1674.8
679,679,1500,white,1-0,1.0,1675.2
680,680,1500,white,1-0,1.0,1675.5
681,681,1500,black,0-1,1.0,1675.9
682,682,1500,white,1-0,1.0,1676.2
683,683,1500,black,0-1,1.0,1676.6
684,684,1500,black,0-1,1.0,1676.9
685,685,1500,white,0-1,0.0,1675.9
686,686,1500,black,1-0,0.0,1675.0
687,687,1500,black,0-1,1.0,1675.3
688,688,1500,white,1-0,1.0,1675.7
689,689,1500,black,0-1,1.0,1676.0
690,690,1500,black,0-1,1.0,1676.4
691,691,1500,black,0-1,1.0,1676.7
692,692,1500,white,1-0,1.0,1677.1
693,693,1500,black,1-0,0.0,1676.1
694,694,1500,white,1-0,1.0,1676.5
695,695,1500,black,0-1,1.0,1676.8
696,696,1500,white,1-0,1.0,1677.1
697,697,1500,white,1-0,1.0,1677.5
698,698,1500,black,0-1,1.0,1677.8
699,699,1500,white,0-1,0.0,1676.9
700,700,1500,black,1-0,0.0,1675.9
701,1,1800,black,1-0,0.0,600.2
702,2,1800,white,1-0,1.0,1800.0
703,3,1800,white,0-1,0.0,1679.6
704,4,1800,black,1-0,0.0,1609.2
705,5,1800,black,1-0,0.0,1559.2
706,6,1800,black,0-1,1.0,1679.6
707,7,1800,black,1-0,0.0,1640.8
708,8,1800,black,1-0,0.0,1609.2
709,9,1800,white,1-0,1.0,1679.6
710,10,1800,white,1-0,1.0,1729.6
711,11,1800,white,1-0,1.0,1768.3
712,12,1800,white,0-1,0.0,1741.5
713,13,1800,black,1-0,0.0,1718.4
714,14,1800,white,1-0,1.0,1750.0
715,15,1800,white,1-0,1.0,1776.8
716,16,1800,white,1-0,1.0,1800.0
717,17,1800,black,0-1,1.0,1820.5
718,18,1800,white,1/2-1/2,0.5,1819.3
719,19,1800,white,0-1,0.0,1800.0
720,20,1800,black,1-0,0.0,1782.6
721,21,1800,black,1-0,0.0,1766.8
722,22,1800,white,0-1,0.0,1752.3
723,23,1800,black,0-1,1.0,1769.7
724,24,1800,black,0-1,1.0,1785.5
725,25,1800,black,1-0,0.0,1772.1
726,26,1800,white,0-1,0.0,1759.7
727,27,1800,white,1-0,1.0,1774.2
728,28,1800,black,1-0,0.0,1762.6
729,29,1800,black,0-1,1.0,1776.0
730,30,1800,black,1-0,0.0,1765.1
731,31,1800,white,1-0,1.0,1777.6
732,32,1800,black,1-0,0.0,1767.3
733,33,1800,white,0-1,0.0,1757.7
734,34,1800,white,1-0,1.0,1769.3
735,35,1800,black,1-0,0.0,1760.1
736,36,1800,white,1/2-1/2,0.5,1761.2
737,37,1800,black,0-1,1.0,1771.8
738,38,1800,white,1-0,1.0,1781.7
739,39,1800,white,0-1,0.0,1773.2
740,40,1800,white,0-1,0.0,1765.1
741,41,1800,white,0-1,0.0,1757.4
742,42,1800,black,1-0,0.0,1750.0
743,43,1800,white,1-0,1.0,1759.4
744,44,1800,black,1-0,0.0,1752.3
745,45,1800,black,1-0,0.0,1745.5
746,46,1800,black,1-0,0.0,1739.0
747,47,1800,white,0-1,0.0,1732.6
748,48,1800,white,0-1,0.0,1726.5
749,49,1800,black,1-0,0.0,1720.7
750,50,1800,black,0-1,1.0,1729.6
751,51,1800,white,0-1,0.0,1723.9
752,52,1800,black,1-0,0.0,1718.4
753,53,1800,black,1-0,0.0,1713.0
754,54,1800,black,0-1,1.0,1721.5
755,55,1800,white,1-0,1.0,1729.6
756,56,1800,white,0-1,0.0,1724.4
757,57,1800,white,0-1,0.0,1719.3
758,58,1800,black,1-0,0.0,1714.4
759,59,1800,white,0-1,0.0,1709.7
760,60,1800,white,1-0,1.0,1717.4
761,61,1800,black,1-0,0.0,1712.8
762,62,1800,white,1-0,1.0,1720.2
763,63,1800,black,0-1,1.0,1727.3
764,64,1800,white,1-0,1.0,1734.1
765,65,1800,black,0-1,1.0,1740.6
766,66,1800,black,0-1,1.0,1746.9
767,67,1800,black,0-1,1.0,1753.0
768,68,1800,white,1-0,1.0,1758.9
769,69,1800,white,0-1,0.0,1754.4
770,70,1800,white,0-1,0.0,1750.0
771,71,1800,black,1-0,0.0,1745.7
772,72,1800,black,0-1,1.0,1751.4
773,73,1800,black,1-0,0.0,1747.2
774,74,1800,white,1-0,1.0,1752.8
775,75,1800,white,0-1,0.0,1748.7
776,76,1800,black,0-1,1.0,1754.0
777,77,1800,white,0-1,0.0,1750.0
778,78,1800,black,1-0,0.0,1746.1
779,79,1800,white,1-0,1.0,1751.3
780,80,1800,white,0-1,0.0,1747.5
781,81,1800,black,1-0,0.0,1743.8
782,82,1800,black,1-0,0.0,1740.1
783,83,1800,white,1-0,1.0,1745.1
784,84,1800,black,1-0,0.0,1741.5
785,85,1800,white,1-0,1.0,1746.4
786,86,1800,white,1-0,1.0,1751.2
787,87,1800,black,0-1,1.0,1755.8
788,88,1800,black,1-0,0.0,1752.3
789,89,1800,black,1-0,0.0,1748.9
790,90,1800,white,0-1,0.0,1745.5
791,91,1800,black,1-0,0.0,1742.2
792,92,1800,white,0-1,0.0,1739.0
793,93,1800,black,1-0,0.0,1735.8
794,94,1800,white,1-0,1.0,1740.3
795,95,1800,black,1-0,0.0,1737.2
796,96,1800,black,1-0,0.0,1734.1
797,97,1800,white,1-0,1.0,1738.5
798,98,1800,white,1-0,1.0,1742.8
799,99,1800,black,1-0,0.0,1739.7
800,100,1800,white,0-1,0.0,1736.8
801,101,1800,black,1-0,0.0,1733.9
802,102,1800,black,1-0,0.0,1731.0
803,103,1800,white,1/2-1/2,0.5,1731.7
804,104,1800,white,1-0,1.0,1735.8
805,105,1800,white,0-1,0.0,1733.0
806,106,1800,white,0-1,0.0,1730.2
807,107,1800,black,1-0,0.0,1727.5
808,108,1800,white,0-1,0.0,1724.9
809,109,1800,black,1-0,0.0,1722.2
810,110,1800,white,0-1,0.0,1719.6
811,111,1800,black,0-1,1.0,1723.7
812,112,1800,white,0-1,0.0,1721.1
813,113,1800,white,1-0,1.0,1725.1
814,114,1800,white,1-0,1.0,1728.9
815,115,1800,black,1-0,0.0,1726.4
816,116,1800,black,1-0,0.0,1723.9
817,117,1800,black,1-0,0.0,1721.5
818,118,1800,black,0-1,1.0,1725.3
819,119,1800,white,0-1,0.0,1722.8
820,120,1800,black,1-0,0.0,1720.5
821,121,1800,black,1-0,0.0,1718.1
822,122,1800,white,1-0,1.0,1721.8
823,123,1800,white,0-1,0.0,1719.5
824,124,1800,black,0-1,1.0,1723.1
825,125,1800,white,1-0,1.0,1726.7
826,126,1800,white,0-1,0.0,1724.4
827,127,1800,black,1-0,0.0,1722.1
828,128,1800,black,1-0,0.0,1719.9
829,129,1800,black,1-0,0.0,1717.7
830,130,1800,white,1-0,1.0,1721.2
831,131,1800,white,1-0,1.0,1724.6
832,132,1800,black,1-0,0.0,1722.4
833,133,1800,black,0-1,1.0,1725.7
834,134,1800,black,1-0,0.0,1723.6
835,135,1800,white,1-0,1.0,1726.9
836,136,1800,black,1-0,0.0,1724.8
837,137,1800,white,0-1,0.0,1722.7
838,138,1800,black,1-0,0.0,1720.6
839,139,1800,white,1-0,1.0,1723.8
840,140,1800,white,0-1,0.0,1721.8
841,141,1800,white,0-1,0.0,1719.8
842,142,1800,white,1-0,1.0,1722.9
843,143,1800,white,1-0,1.0,1726.0
844,144,1800,white,1-0,1.0,1729.1
845,145,1800,black,0-1,1.0,1732.1
846,146,1800,black,0-1,1.0,1735.0
847,147,1800,white,0-1,0.0,1733.0
848,148,1800,black,1-0,0.0,1731.0
849,149,1800,black,1-0,0.0,1729.1
850,150,1800,white,1-0,1.0,1732.0
851,151,1800,black,0-1,1.0,1734.8
852,152,1800,white,0-1,0.0,1732.9
853,153,1800,white,1-0,1.0,1735.7
854,154,1800,black,0-1,1.0,1738.5
855,155,1800,white,0-1,0.0,1736.5
856,156,1800,white,0-1,0.0,1734.7
857,157,1800,white,0-1,0.0,1732.8
858,158,1800,black,0-1,1.0,1735.5
859,159,1800,black,0-1,1.0,1738.2
860,160,1800,black,1-0,0.0,1736.3
861,161,1800,black,1-0,0.0,1734.5
862,162,1800,white,1-0,1.0,1737.1
863,163,1800,white,0-1,0.0,1735.3
864,164,1800,white,1-0,1.0,1737.9
865,165,1800,black,0-1,1.0,1740.5
866,166,1800,black,1-0,0.0,1738.7
867,167,1800,black,1-0,0.0,1736.9
868,168,1800,white,1-0,1.0,1739.4
869,169,1800,black,0-1,1.0,1741.9
870,170,1800,white,0-1,0.0,1740.1
871,171,1800,black,0-1,1.0,1742.6
872,172,1800,black,1-0,0.0,1740.9
873,173,1800,white,1-0,1.0,1743.3
874,174,1800,black,0-1,1.0,1745.6
875,175,1800,white,0-1,0.0,1743.9
876,176,1800,black,1-0,0.0,1742.2
877,177,1800,black,0-1,1.0,1744.6
878,178,1800,black,1-0,0.0,1742.9
879,179,1800,black,1-0,0.0,1741.2
880,180,1800,black,1-0,0.0,1739.6
881,181,1800,white,0-1,0.0,1737.9
882,182,1800,white,1/2-1/2,0.5,1738.3
883,183,1800,white,0-1,0.0,1736.7
884,184,1800,white,0-1,0.0,1735.1
885,185,1800,white,1-0,1.0,1737.4
886,186,1800,white,1-0,1.0,1739.6
887,187,1800,black,0-1,1.0,1741.9
888,188,1800,black,0-1,1.0,1744.1
889,189,1800,white,0-1,0.0,1742.5
890,190,1800,black,1-0,0.0,1740.9
891,191,1800,black,1-0,0.0,1739.4
892,192,1800,white,0-1,0.0,1737.8
893,193,1800,white,1-0,1.0,1740.0
894,194,1800,black,1-0,0.0,1738.5
895,195,1800,black,1-0,0.0,1737.0
896,196,1800,white,0-1,0.0,1735.5
897,197,1800,white,0-1,0.0,1734.0
898,198,1800,black,1-0,0.0,1732.5
899,199,1800,white,0-1,0.0,1731.0
900,200,1800,white,0-1,0.0,1729.6
901,201,1800,black,1-0,0.0,1728.1
902,202,1800,white,1-0,1.0,1730.3
903,203,1800,black,1-0,0.0,1728.9
904,204,1800,black,1-0,0.0,1727.4
905,205,1800,black,1-0,0.0,1726.0
906,206,1800,black,1-0,0.0,1724.6
907,207,1800,white,1-0,1.0,1726.8
908,208,1800,white,1-0,1.0,1728.9
909,209,1800,black,0-1,1.0,1730.9
910,210,1800,black,1-0,0.0,1729.6
911,211,1800,white,0-1,0.0,1728.2
912,212,1800,white,0-1,0.0,1726.8
913,213,1800,white,1/2-1/2,0.5,1727.2
914,214,1800,white,1-0,1.0,1729.2
915,215,1800,black,1-0,0.0,1727.9
916,216,1800,white,1-0,1.0,1729.9
917,217,1800,black,1-0,0.0,1728.6
918,218,1800,black,1-0,0.0,1727.2
919,219,1800,black,1-0,0.0,1725.9
920,220,1800,black,1-0,0.0,1724.6
921,221,1800,white,1-0,1.0,1726.6
922,222,1800,white,1-0,1.0,1728.6
923,223,1800,black,1-0,0.0,1727.3
924,224,1800,black,0-1,1.0,1729.2
925,225,1800,white,1-0,1.0,1731.2
926,226,1800,black,1-0,0.0,1729.9
927,227,1800,white,0-1,0.0,1728.6
928,228,1800,white,0-1,0.0,1727.3
929,229,1800,white,1-0,1.0,1729.2
930,230,1800,white,0-1,0.0,1728.0
931,231,1800,black,0-1,1.0,1729.9
932,232,1800,black,0-1,1.0,1731.7
933,233,1800,black,1-0,0.0,1730.5
934,234,1800,white,0-1,0.0,1729.3
935,235,1800,white,0-1,0.0,1728.0
936,236,1800,white,1-0,1.0,1729.9
937,237,1800,white,0-1,0.0,1728.6
938,238,1800,black,1-0,0.0,1727.4
939,239,1800,white,1-0,1.0,1729.3
940,240,1800,black,1-0,0.0,1728.1
941,241,1800,black,1-0,0.0,1726.9
942,242,1800,white,1-0,1.0,1728.7
943,243,1800,black,1-0,0.0,1727.5
944,244,1800,black,0-1,1.0,1729.3
945,245,1800,white,1-0,1.0,1731.0
946,246,1800,black,0-1,1.0,1732.8
947,247,1800,black,1-0,0.0,1731.6
948,248,1800,white,1-0,1.0,1733.3
949,249,1800,white,0-1,0.0,1732.2
950,250,1800,white,0-1,0.0,1731.0
951,251,1800,black,1-0,0.0,1729.9
952,252,1800,white,1-0,1.0,1731.6
953,253,1800,black,1-0,0.0,1730.4
954,254,1800,black,1-0,0.0,1729.3
955,255,1800,white,1-0,1.0,1731.0
956,256,1800,white,0-1,0.0,1729.8
957,257,1800,white,1-0,1.0,1731.5
958,258,1800,black,1-0,0.0,1730.4
959,259,1800,white,1-0,1.0,1732.1
960,260,1800,black,1-0,0.0,1731.0
961,261,1800,white,1-0,1.0,1732.6
962,262,1800,white,0-1,0.0,1731.5
963,263,1800,black,0-1,1.0,1733.1
964,264,1800,black,0-1,1.0,1734.8
965,265,1800,white,1-0,1.0,1736.4
966,266,1800,white,0-1,0.0,1735.3
967,267,1800,black,0-1,1.0,1736.9
968,268,1800,black,0-1,1.0,1738.4
969,269,1800,white,0-1,0.0,1737.3
970,270,1800,black,1-0,0.0,1736.2
971,271,1800,black,1-0,0.0,1735.2
972,272,1800,black,1-0,0.0,1734.1
973,273,1800,white,1-0,1.0,1735.6
974,274,1800,white,1-0,1.0,1737.2
975,275,1800,black,1-0,0.0,1736.1
976,276,1800,white,0-1,0.0,1735.1
977,277,1800,white,0-1,0.0,1734.0
978,278,1800,black,1-0,0.0,1732.9
979,279,1800,black,0-1,1.0,1734.5
980,280,1800,black,1-0,0.0,1733.4
981,281,1800,black,0-1,1.0,1735.0
982,282,1800,black,1-0,0.0,1733.9
983,283,1800,white,1-0,1.0,1735.4
984,284,1800,black,1-0,0.0,1734.4
985,285,1800,black,1-0,0.0,1733.4
986,286,1800,white,0-1,0.0,1732.3
987,287,1800,black,0-1,1.0,1733.8
988,288,1800,white,0-1,0.0,1732.8
989,289,1800,black,0-1,1.0,1734.3
990,290,1800,white,1-0,1.0,1735.8
991,291,1800,white,1-0,1.0,1737.2
992,292,1800,black,0-1,1.0,1738.7
993,293,1800,white,0-1,0.0,1737.7
994,294,1800,white,0-1,0.0,1736.7
995,295,1800,white,0-1,0.0,1735.7
996,296,1800,black,1-0,0.0,1734.7
997,297,1800,black,1-0,0.0,1733.7
998,298,1800,white,1-0,1.0,1735.1
999,299,1800,white,0-1,0.0,1734.2
1000,300,1800,black,0-1,1.0,1735.6
1001,301,1800,white,1-0,1.0,1737.0
1002,302,1800,black,1-0,0.0,1736.0
1003,303,1800,black,1-0,0.0,1735.0
1004,304,1800,black,1-0,0.0,1734.1
1005,305,1800,black,0-1,1.0,1735.5
1006,306,1800,black,0-1,1.0,1736.9
1007,307,1800,white,0-1,0.0,1735.9
1008,308,1800,white,1-0,1.0,1737.3
1009,309,1800,white,0-1,0.0,1736.3
1010,310,1800,white,1-0,1.0,1737.7
1011,311,1800,white,1-0,1.0,1739.1
1012,312,1800,white,0-1,0.0,1738.1
1013,313,1800,white,0-1,0.0,1737.2
1014,314,1800,black,0-1,1.0,1738.5
1015,315,1800,white,1-0,1.0,1739.8
1016,316,1800,black,0-1,1.0,1741.2
1017,317,1800,black,0-1,1.0,1742.5
1018,318,1800,black,1-0,0.0,1741.5
1019,319,1800,black,1-0,0.0,1740.6
1020,320,1800,white,1-0,1.0,1741.9
1021,321,1800,white,0-1,0.0,1741.0
1022,322,1800,white,1-0,1.0,1742.3
1023,323,1800,black,0-1,1.0,1743.6
1024,324,1800,white,0-1,0.0,1742.7
1025,325,1800,black,1-0,0.0,1741.7
1026,326,1800,white,1-0,1.0,1743.0
1027,327,1800,black,1-0,0.0,1742.1
1028,328,1800,black,1-0,0.0,1741.2
1029,329,1800,white,1-0,1.0,1742.5
1030,330,1800,black,0-1,1.0,1743.7
1031,331,1800,white,1-0,1.0,1745.0
1032,332,1800,black,1-0,0.0,1744.1
1033,333,1800,white,0-1,0.0,1743.2
1034,334,1800,black,1-0,0.0,1742.3
1035,335,1800,white,1-0,1.0,1743.5
1036,336,1800,black,0-1,1.0,1744.7
1037,337,1800,black,1-0,0.0,1743.8
1038,338,1800,white,0-1,0.0,1743.0
1039,339,1800,black,0-1,1.0,1744.2
1040,340,1800,white,1-0,1.0,1745.4
1041,341,1800,black,1/2-1/2,0.5,1745.6
1042,342,1800,white,0-1,0.0,1744.7
1043,343,1800,black,0-1,1.0,1745.9
1044,344,1800,white,0-1,0.0,1745.0
1045,345,1800,black,1-0,0.0,1744.1
1046,346,1800,white,1-0,1.0,1745.3
1047,347,1800,black,0-1,1.0,1746.5
1048,348,1800,black,1-0,0.0,1745.6
1049,349,1800,white,0-1,0.0,1744.8
1050,350,1800,white,0-1,0.0,1743.9
1051,351,1800,white,0-1,0.0,1743.1
1052,352,1800,white,0-1,0.0,1742.2
1053,353,1800,black,1-0,0.0,1741.4
1054,354,1800,black,1-0,0.0,1740.5
1055,355,1800,black,1-0,0.0,1739.7
1056,356,1800,white,0-1,0.0,1738.9
1057,357,1800,black,1-0,0.0,1738.0
1058,358,1800,black,0-1,1.0,1739.2
1059,359,1800,white,1-0,1.0,1740.4
1060,360,1800,white,0-1,0.0,1739.6
1061,361,1800,black,1-0,0.0,1738.7
1062,362,1800,white,0-1,0.0,1737.9
1063,363,1800,black,1-0,0.0,1737.1
1064,364,1800,white,1-0,1.0,1738.3
1065,365,1800,white,1-0,1.0,1739.4
1066,366,1800,black,1-0,0.0,1738.6
1067,367,1800,black,1-0,0.0,1737.8
1068,368,1800,white,1-0,1.0,1739.0
1069,369,1800,black,1-0,0.0,1738.2
1070,370,1800,black,1-0,0.0,1737.4
1071,371,1800,white,0-1,0.0,1736.6
1072,372,1800,white,1-0,1.0,1737.7
1073,373,1800,white,1-0,1.0,1738.8
1074,374,1800,black,1-0,0.0,1738.0
1075,375,1800,white,0-1,0.0,1737.3
1076,376,1800,white,1-0,1.0,1738.4
1077,377,1800,black,1-0,0.0,1737.6
1078,378,1800,black,1-0,0.0,1736.8
1079,379,1800,white,1-0,1.0,1737.9
1080,380,1800,white,0-1,0.0,1737.2
1081,381,1800,black,0-1,1.0,1738.3
1082,382,1800,white,0-1,0.0,1737.5
1083,383,1800,black,1-0,0.0,1736.7
1084,384,1800,white,0-1,0.0,1735.9
1085,385,1800,black,0-1,1.0,1737.1
1086,386,1800,white,1-0,1.0,1738.1
1087,387,1800,black,1-0,0.0,1737.4
1088,388,1800,white,1-0,1.0,1738.5
1089,389,1800,black,1-0,0.0,1737.7
1090,390,1800,black,1-0,0.0,1737.0
1091,391,1800,black,1-0,0.0,1736.2
1092,392,1800,black,0-1,1.0,1737.3
1093,393,1800,white,1-0,1.0,1738.4
1094,394,1800,black,0-1,1.0,1739.4
1095,395,1800,white,1-0,1.0,1740.5
1096,396,1800,black,1-0,0.0,1739.7
1097,397,1800,black,1-0,0.0,1739.0
1098,398,1800,white,0-1,0.0,1738.3
1099,399,1800,white,0-1,0.0,1737.5
1100,400,1800,white,0-1,0.0,1736.8
1101,401,1800,black,0-1,1.0,1737.8
1102,402,1800,black,1-0,0.0,1737.1
1103,403,1800,white,1-0,1.0,1738.1
1104,404,1800,white,0-1,0.0,1737.4
1105,405,1800,black,0-1,1.0,1738.5
1106,406,1800,white,1/2-1/2,0.5,1738.6
1107,407,1800,white,1-0,1.0,1739.6
1108,408,1800,white,0-1,0.0,1738.9
1109,409,1800,black,1-0,0.0,1738.2
1110,410,1800,black,1-0,0.0,1737.5
1111,411,1800,white,1-0,1.0,1738.5
1112,412,1800,white,1-0,1.0,1739.5
1113,413,1800,black,1-0,0.0,1738.8
1114,414,1800,white,1-0,1.0,1739.8
1115,415,1800,black,0-1,1.0,1740.8
1116,416,1800,white,0-1,0.0,1740.1
1117,417,1800,white,1-0,1.0,1741.1
1118,418,1800,white,0-1,0.0,1740.4
1119,419,1800,black,0-1,1.0,1741.4
1120,420,1800,white,0-1,0.0,1740.7
1121,421,1800,white,1-0,1.0,1741.7
1122,422,1800,black,1-0,0.0,1741.0
1123,423,1800,black,1-0,0.0,1740.3
1124,424,1800,black,1-0,0.0,1739.6
1125,425,1800,black,1-0,0.0,1738.9
1126,426,1800,black,1-0,0.0,1738.2
1127,427,1800,black,1-0,0.0,1737.5
1128,428,1800,white,0-1,0.0,1736.8
1129,429,1800,white,1-0,1.0,1737.8
1130,430,1800,white,0-1,0.0,1737.1
1131,431,1800,black,0-1,1.0,1738.1
1132,432,1800,black,1-0,0.0,1737.4
1133,433,1800,black,1-0,0.0,1736.7
1134,434,1800,white,1-0,1.0,1737.7
1135,435,1800,black,0-1,1.0,1738.7
1136,436,1800,white,1/2-1/2,0.5,1738.8
1137,437,1800,white,1-0,1.0,1739.8
1138,438,1800,white,1-0,1.0,1740.7
1139,439,1800,black,0-1,1.0,1741.7
1140,440,1800,black,0-1,1.0,1742.6
1141,441,1800,white,0-1,0.0,1742.0
1142,442,1800,black,1-0,0.0,1741.3
1143,443,1800,white,1-0,1.0,1742.2
1144,444,1800,white,1-0,1.0,1743.2
1145,445,1800,black,0-1,1.0,1744.1
1146,446,1800,white,1-0,1.0,1745.0
1147,447,1800,white,1-0,1.0,1745.9
1148,448,1800,black,0-1,1.0,1746.9
1149,449,1800,black,1-0,0.0,1746.2
1150,450,1800,white,1-0,1.0,1747.1
1151,451,1800,black,0-1,1.0,1748.0
1152,452,1800,black,1-0,0.0,1747.3
1153,453,1800,white,0-1,0.0,1746.7
1154,454,1800,black,1-0,0.0,1746.0
1155,455,1800,white,0-1,0.0,1745.3
1156,456,1800,black,1-0,0.0,1744.7
1157,457,1800,black,1-0,0.0,1744.0
1158,458,1800,white,1-0,1.0,1744.9
1159,459,1800,black,0-1,1.0,1745.8
1160,460,1800,black,0-1,1.0,1746.7
1161,461,1800,black,0-1,1.0,1747.6
1162,462,1800,white,0-1,0.0,1746.9
1163,463,1800,white,1-0,1.0,1747.8
1164,464,1800,white,0-1,0.0,1747.2
1165,465,1800,black,1-0,0.0,1746.5
1166,466,1800,black,1-0,0.0,1745.9
1167,467,1800,white,1-0,1.0,1746.8
1168,468,1800,white,1-0,1.0,1747.6
1169,469,1800,white,0-1,0.0,1747.0
1170,470,1800,white,1-0,1.0,1747.9
1171,471,1800,black,1-0,0.0,1747.2
1172,472,1800,white,0-1,0.0,1746.6
1173,473,1800,black,1-0,0.0,1745.9
1174,474,1800,black,1-0,0.0,1745.3
1175,475,1800,black,0-1,1.0,1746.2
1176,476,1800,white,1-0,1.0,1747.0
1177,477,1800,white,0-1,0.0,1746.4
1178,478,1800,white,0-1,0.0,1745.8
1179,479,1800,black,0-1,1.0,1746.6
1180,480,1800,black,1-0,0.0,1746.0
1181,481,1800,black,0-1,1.0,1746.9
1182,482,1800,white,1-0,1.0,1747.7
1183,483,1800,white,1/2-1/2,0.5,1747.8
1184,484,1800,white,0-1,0.0,1747.2
1185,485,1800,black,0-1,1.0,1748.0
1186,486,1800,white,1-0,1.0,1748.9
1187,487,1800,white,0-1,0.0,1748.3
1188,488,1800,black,0-1,1.0,1749.1
1189,489,1800,black,1-0,0.0,1748.5
1190,490,1800,black,0-1,1.0,1749.3
1191,491,1800,black,1-0,0.0,1748.7
1192,492,1800,white,1-0,1.0,1749.5
1193,493,1800,black,0-1,1.0,1750.3
1194,494,1800,black,0-1,1.0,1751.2
1195,495,1800,white,0-1,0.0,1750.5
1196,496,1800,black,1-0,0.0,1749.9
1197,497,1800,white,1-0,1.0,1750.7
1198,498,1800,white,0-1,0.0,1750.1
1199,499,1800,black,1-0,0.0,1749.5
1200,500,1800,white,1-0,1.0,1750.3
1201,501,1800,black,1-0,0.0,1749.7
1202,502,1800,white,0-1,0.0,1749.1
1203,503,1800,white,1-0,1.0,1749.9
1204,504,1800,white,0-1,0.0,1749.3
1205,505,1800,white,1-0,1.0,1750.1
1206,506,1800,black,1-0,0.0,1749.5
1207,507,1800,black,0-1,1.0,1750.3
1208,508,1800,white,1-0,1.0,1751.1
1209,509,1800,black,0-1,1.0,1751.9
1210,510,1800,white,1-0,1.0,1752.7
1211,511,1800,black,0-1,1.0,1753.5
1212,512,1800,white,0-1,0.0,1752.9
1213,513,1800,white,0-1,0.0,1752.3
1214,514,1800,black,1-0,0.0,1751.7
1215,515,1800,black,0-1,1.0,1752.5
1216,516,1800,black,1-0,0.0,1751.9
1217,517,1800,white,0-1,0.0,1751.3
1218,518,1800,white,0-1,0.0,1750.7
1219,519,1800,black,1-0,0.0,1750.1
1220,520,1800,white,0-1,0.0,1749.5
1221,521,1800,black,0-1,1.0,1750.3
1222,522,1800,white,1-0,1.0,1751.1
1223,523,1800,white,1-0,1.0,1751.9
1224,524,1800,black,1-0,0.0,1751.3
1225,525,1800,black,1-0,0.0,1750.7
1226,526,1800,black,0-1,1.0,1751.5
1227,527,1800,black,1-0,0.0,1750.9
1228,528,1800,black,1-0,0.0,1750.3
1229,529,1800,white,1-0,1.0,1751.1
1230,530,1800,black,0-1,1.0,1751.8
1231,531,1800,white,0-1,0.0,1751.3
1232,532,1800,white,0-1,0.0,1750.7
1233,533,1800,white,1-0,1.0,1751.4
1234,534,1800,white,0-1,0.0,1750.9
1235,535,1800,white,1-0,1.0,1751.6
1236,536,1800,black,1-0,0.0,1751.1
1237,537,1800,black,0-1,1.0,1751.8
1238,538,1800,black,1-0,0.0,1751.2
1239,539,1800,black,1-0,0.0,1750.7
1240,540,1800,white,1/2-1/2,0.5,1750.8
1241,541,1800,white,1-0,1.0,1751.5
1242,542,1800,white,0-1,0.0,1751.0
1243,543,1800,black,1-0,0.0,1750.4
1244,544,1800,black,1-0,0.0,1749.8
1245,545,1800,white,0-1,0.0,1749.3
1246,546,1800,white,0-1,0.0,1748.7
1247,547,1800,black,0-1,1.0,1749.5
1248,548,1800,black,1-0,0.0,1748.9
1249,549,1800,white,0-1,0.0,1748.4
1250,550,1800,white,0-1,0.0,1747.8
1251,551,1800,black,0-1,1.0,1748.6
1252,552,1800,black,0-1,1.0,1749.3
1253,553,1800,white,1-0,1.0,1750.0
1254,554,1800,black,1-0,0.0,1749.5
1255,555,1800,white,0-1,0.0,1748.9
1256,556,1800,black,1-0,0.0,1748.4
1257,557,1800,white,0-1,0.0,1747.8
1258,558,1800,black,1-0,0.0,1747.3
1259,559,1800,white,0-1,0.0,1746.8
1260,560,1800,white,1-0,1.0,1747.5
1261,561,1800,black,1-0,0.0,1746.9
1262,562,1800,white,0-1,0.0,1746.4
1263,563,1800,white,1-0,1.0,1747.1
1264,564,1800,black,1-0,0.0,1746.6
1265,565,1800,black,1-0,0.0,1746.1
1266,566,1800,black,0-1,1.0,1746.8
1267,567,1800,black,1-0,0.0,1746.3
1268,568,1800,black,1-0,0.0,1745.7
1269,569,1800,white,0-1,0.0,1745.2
1270,570,1800,black,0-1,1.0,1745.9
1271,571,1800,white,0-1,0.0,1745.4
1272,572,1800,white,1-0,1.0,1746.1
1273,573,1800,black,1-0,0.0,1745.6
1274,574,1800,white,0-1,0.0,1745.1
1275,575,1800,black,1-0,0.0,1744.5
1276,576,1800,white,1-0,1.0,1745.3
1277,577,1800,white,1-0,1.0,1746.0
1278,578,1800,black,0-1,1.0,1746.7
1279,579,1800,white,0-1,0.0,1746.2
1280,580,1800,white,0-1,0.0,1745.6
1281,581,1800,black,0-1,1.0,1746.4
1282,582,1800,black,0-1,1.0,1747.1
1283,583,1800,white,1-0,1.0,1747.8
1284,584,1800,white,0-1,0.0,1747.2
1285,585,1800,white,1-0,1.0,1747.9
1286,586,1800,black,1-0,0.0,1747.4
1287,587,1800,black,1-0,0.0,1746.9
1288,588,1800,black,0-1,1.0,1747.6
1289,589,1800,white,1-0,1.0,1748.3
1290,590,1800,black,1-0,0.0,1747.8
1291,591,1800,black,1-0,0.0,1747.3
1292,592,1800,black,0-1,1.0,1748.0
1293,593,1800,black,0-1,1.0,1748.7
1294,594,1800,white,0-1,0.0,1748.1
1295,595,1800,white,1-0,1.0,1748.8
1296,596,1800,black,1-0,0.0,1748.3
1297,597,1800,white,0-1,0.0,1747.8
1298,598,1800,white,1-0,1.0,1748.5
1299,599,1800,white,0-1,0.0,1748.0
1300,600,1800,black,0-1,1.0,1748.7
1301,601,1800,white,0-1,0.0,1748.2
1302,602,1800,white,0-1,0.0,1747.7
1303,603,1800,black,1-0,0.0,1747.2
1304,604,1800,black,0-1,1.0,1747.8
1305,605,1800,white,1-0,1.0,1748.5
1306,606,1800,black,0-1,1.0,1749.2
1307,607,1800,black,1-0,0.0,1748.7
1308,608,1800,white,1-0,1.0,1749.4
1309,609,1800,black,1-0,0.0,1748.9
1310,610,1800,white,0-1,0.0,1748.4
1311,611,1800,black,1-0,0.0,1747.9
1312,612,1800,black,1-0,0.0,1747.4
1313,613,1800,white,1-0,1.0,1748.0
1314,614,1800,white,1-0,1.0,1748.7
1315,615,1800,white,0-1,0.0,1748.2
1316,616,1800,black,1-0,0.0,1747.7
1317,617,1800,black,0-1,1.0,1748.4
1318,618,1800,black,1-0,0.0,1747.9
1319,619,1800,white,0-1,0.0,1747.4
1320,620,1800,black,0-1,1.0,1748.1
1321,621,1800,white,1-0,1.0,1748.7
1322,622,1800,white,0-1,0.0,1748.2
1323,623,1800,white,1-0,1.0,1748.9
1324,624,1800,black,1-0,0.0,1748.4
1325,625,1800,white,0-1,0.0,1747.9
1326,626,1800,black,0-1,1.0,1748.6
1327,627,1800,white,1-0,1.0,1749.2
1328,628,1800,white,1-0,1.0,1749.9
1329,629,1800,black,0-1,1.0,1750.5
1330,630,1800,white,0-1,0.0,1750.0
1331,631,1800,black,0-1,1.0,1750.7
1332,632,1800,white,1-0,1.0,1751.3
1333,633,1800,white,1-0,1.0,1751.9
1334,634,1800,white,1-0,1.0,1752.6
1335,635,1800,white,1-0,1.0,1753.2
1336,636,1800,black,1-0,0.0,1752.7
1337,637,1800,black,1-0,0.0,1752.2
1338,638,1800,black,1-0,0.0,1751.8
1339,639,1800,black,1-0,0.0,1751.3
1340,640,1800,black,1-0,0.0,1750.8
1341,641,1800,white,1-0,1.0,1751.4
1342,642,1800,black,1-0,0.0,1751.0
1343,643,1800,white,1-0,1.0,1751.6
1344,644,1800,white,0-1,0.0,1751.1
1345,645,1800,black,1-0,0.0,1750.7
1346,646,1800,black,0-1,1.0,1751.3
1347,647,1800,white,0-1,0.0,1750.8
1348,648,1800,black,1-0,0.0,1750.3
1349,649,1800,white,0-1,0.0,1749.9
1350,650,1800,black,1-0,0.0,1749.4
1351,651,1800,white,0-1,0.0,1748.9
1352,652,1800,white,1-0,1.0,1749.6
1353,653,1800,white,0-1,0.0,1749.1
1354,654,1800,black,1-0,0.0,1748.6
1355,655,1800,black,0-1,1.0,1749.3
1356,656,1800,black,0-1,1.0,1749.9
1357,657,1800,black,1-0,0.0,1749.4
1358,658,1800,black,1-0,0.0,1748.9
1359,659,1800,black,0-1,1.0,1749.6
1360,660,1800,white,0-1,0.0,1749.1
1361,661,1800,white,1-0,1.0,1749.7
1362,662,1800,white,1-0,1.0,1750.3
1363,663,1800,white,1-0,1.0,1750.9
1364,664,1800,black,1-0,0.0,1750.5
1365,665,1800,black,1-0,0.0,1750.0
1366,666,1800,white,0-1,0.0,1749.6
1367,667,1800,white,1/2-1/2,0.5,1749.6
1368,668,1800,black,0-1,1.0,1750.3
1369,669,1800,white,1-0,1.0,1750.9
1370,670,1800,white,1-0,1.0,1751.5
1371,671,1800,white,0-1,0.0,1751.0
1372,672,1800,white,1-0,1.0,1751.6
1373,673,1800,black,1-0,0.0,1751.2
1374,674,1800,black,1-0,0.0,1750.7
1375,675,1800,black,0-1,1.0,1751.3
1376,676,1800,white,0-1,0.0,1750.8
1377,677,1800,black,1-0,0.0,1750.4
1378,678,1800,black,0-1,1.0,1751.0
1379,679,1800,white,1-0,1.0,1751.6
1380,680,1800,black,0-1,1.0,1752.2
1381,681,1800,black,1-0,0.0,1751.7
1382,682,1800,white,1-0,1.0,1752.3
1383,683,1800,white,1-0,1.0,1752.9
1384,684,1800,black,0-1,1.0,1753.5
1385,685,1800,white,1-0,1.0,1754.1
1386,686,1800,white,1-0,1.0,1754.7
1387,687,1800,white,0-1,0.0,1754.2
1388,688,1800,white,1-0,1.0,1754.8
1389,689,1800,black,1-0,0.0,1754.4
1390,690,1800,white,1-0,1.0,1754.9
1391,691,1800,black,1-0,0.0,1754.5
1392,692,1800,black,1-0,0.0,1754.0
1393,693,1800,white,0-1,0.0,1753.6
1394,694,1800,white,0-1,0.0,1753.2
1395,695,1800,black,1-0,0.0,1752.7
1396,696,1800,white,1-0,1.0,1753.3
1397,697,1800,black,1-0,0.0,1752.9
1398,698,1800,black,1-0,0.0,1752.4
1399,699,1800,black,1-0,0.0,1752.0
1400,700,1800,black,1-0,0.0,1751.5
1401,1,2100,black,1-0,0.0,900.2
1402,2,2100,white,1-0,1.0,2100.0
1403,3,2100,black,1-0,0.0,1979.6
1404,4,2100,white,1-0,1.0,2100.0
1405,5,2100,white,0-1,0.0,2029.6
1406,6,2100,white,0-1,0.0,1979.6
1407,7,2100,black,1-0,0.0,1940.8
1408,8,2100,white,1-0,1.0,2011.3
1409,9,2100,black,1-0,0.0,1979.6
1410,10,2100,black,1-0,0.0,1952.8
1411,11,2100,white,0-1,0.0,1929.6
1412,12,2100,white,1-0,1.0,1979.6
1413,13,2100,white,1-0,1.0,2018.4
1414,14,2100,black,1-0,0.0,1997.9
1415,15,2100,black,1-0,0.0,1979.6
1416,16,2100,black,1-0,0.0,1963.0
1417,17,2100,white,1-0,1.0,1994.7
1418,18,2100,black,1-0,0.0,1979.6
1419,19,2100,white,1-0,1.0,2006.4
1420,20,2100,white,1-0,1.0,2029.6
1421,21,2100,black,1-0,0.0,2015.7
1422,22,2100,white,0-1,0.0,2002.8
1423,23,2100,white,0-1,0.0,1990.8
1424,24,2100,black,1-0,0.0,1979.6
1425,25,2100,black,1-0,0.0,1969.1
1426,26,2100,black,1-0,0.0,1959.1
1427,27,2100,white,1/2-1/2,0.5,1964.9
1428,28,2100,black,1-0,0.0,1955.8
1429,29,2100,white,0-1,0.0,1947.1
1430,30,2100,white,0-1,0.0,1938.8
1431,31,2100,white,0-1,0.0,1930.9
1432,32,2100,black,0-1,1.0,1950.2
1433,33,2100,white,0-1,0.0,1942.7
1434,34,2100,white,0-1,0.0,1935.4
1435,35,2100,black,0-1,1.0,1952.8
1436,36,2100,black,1-0,0.0,1945.9
1437,37,2100,black,1-0,0.0,1939.2
1438,38,2100,black,1-0,0.0,1932.7
1439,39,2100,white,0-1,0.0,1926.5
1440,40,2100,black,1-0,0.0,1920.5
1441,41,2100,white,1-0,1.0,1936.4
1442,42,2100,black,1-0,0.0,1930.6
1443,43,2100,white,0-1,0.0,1925.0
1444,44,2100,black,1-0,0.0,1919.5
1445,45,2100,white,0-1,0.0,1914.3
1446,46,2100,white,1-0,1.0,1928.7
1447,47,2100,white,0-1,0.0,1923.6
1448,48,2100,black,1-0,0.0,1918.7
1449,49,2100,black,1-0,0.0,1913.8
1450,50,2100,white,0-1,0.0,1909.2
1451,51,2100,black,1-0,0.0,1904.6
1452,52,2100,white,1-0,1.0,1917.9
1453,53,2100,black,0-1,1.0,1930.4
1454,54,2100,black,1-0,0.0,1925.9
1455,55,2100,black,1-0,0.0,1921.6
1456,56,2100,black,1-0,0.0,1917.3
1457,57,2100,white,0-1,0.0,1913.2
1458,58,2100,white,0-1,0.0,1909.2
1459,59,2100,black,0-1,1.0,1920.7
1460,60,2100,black,1-0,0.0,1916.8
1461,61,2100,white,1-0,1.0,1927.6
1462,62,2100,white,0-1,0.0,1923.8
1463,63,2100,white,0-1,0.0,1920.0
1464,64,2100,black,1-0,0.0,1916.3
1465,65,2100,white,1-0,1.0,1926.5
1466,66,2100,black,1-0,0.0,1922.9
1467,67,2100,white,0-1,0.0,1919.4
1468,68,2100,white,0-1,0.0,1915.9
1469,69,2100,black,1-0,0.0,1912.5
1470,70,2100,black,1-0,0.0,1909.2
1471,71,2100,white,1-0,1.0,1918.8
1472,72,2100,black,1-0,0.0,1915.5
1473,73,2100,black,0-1,1.0,1924.7
1474,74,2100,white,0-1,0.0,1921.5
1475,75,2100,black,1-0,0.0,1918.3
1476,76,2100,white,1-0,1.0,1927.0
1477,77,2100,black,0-1,1.0,1935.3
1478,78,2100,white,1-0,1.0,1943.2
1479,79,2100,white,1/2-1/2,0.5,1945.4
1480,80,2100,black,1-0,0.0,1942.3
1481,81,2100,black,1-0,0.0,1939.3
1482,82,2100,white,0-1,0.0,1936.4
1483,83,2100,white,0-1,0.0,1933.4
1484,84,2100,black,1-0,0.0,1930.6
1485,85,2100,white,1-0,1.0,1938.0
1486,86,2100,white,1-0,1.0,1945.0
1487,87,2100,white,1-0,1.0,1951.9
1488,88,2100,black,1-0,0.0,1949.0
1489,89,2100,white,1-0,1.0,1955.6
1490,90,2100,white,0-1,0.0,1952.8
1491,91,2100,black,1-0,0.0,1950.1
1492,92,2100,black,1-0,0.0,1947.4
1493,93,2100,black,1-0,0.0,1944.7
1494,94,2100,black,1-0,0.0,1942.1
1495,95,2100,black,1-0,0.0,1939.5
1496,96,2100,white,1-0,1.0,1945.9
1497,97,2100,white,1-0,1.0,1952.0
1498,98,2100,black,1-0,0.0,1949.4
1499,99,2100,white,1-0,1.0,1955.3
1500,100,2100,black,1-0,0.0,1952.8
1501,101,2100,white,0-1,0.0,1950.3
1502,102,2100,black,1-0,0.0,1947.9
1503,103,2100,white,0-1,0.0,1945.5
1504,104,2100,black,1-0,0.0,1943.2
1505,105,2100,white,0-1,0.0,1940.8
1506,106,2100,black,0-1,1.0,1946.5
1507,107,2100,white,1-0,1.0,1952.0
1508,108,2100,white,0-1,0.0,1949.7
1509,109,2100,black,1-0,0.0,1947.5
1510,110,2100,black,1-0,0.0,1945.2
1511,111,2100,black,1-0,0.0,1943.0
1512,112,2100,white,0-1,0.0,1940.8
1513,113,2100,white,0-1,0.0,1938.7
1514,114,2100,white,1-0,1.0,1944.0
1515,115,2100,white,0-1,0.0,1941.9
1516,116,2100,black,0-1,1.0,1947.1
1517,117,2100,white,0-1,0.0,1945.0
1518,118,2100,black,1-0,0.0,1942.9
1519,119,2100,black,0-1,1.0,1947.9
1520,120,2100,white,0-1,0.0,1945.9
1521,121,2100,black,1/2-1/2,0.5,1947.3
1522,122,2100,white,0-1,0.0,1945.3
1523,123,2100,black,0-1,1.0,1950.1
1524,124,2100,white,1-0,1.0,1954.8
1525,125,2100,white,1-0,1.0,1959.4
1526,126,2100,black,0-1,1.0,1963.8
1527,127,2100,black,1-0,0.0,1961.8
1528,128,2100,black,1-0,0.0,1959.9
1529,129,2100,black,1-0,0.0,1957.9
1530,130,2100,white,0-1,0.0,1956.0
1531,131,2100,black,1-0,0.0,1954.1
1532,132,2100,black,0-1,1.0,1958.4
1533,133,2100,black,1-0,0.0,1956.5
1534,134,2100,white,0-1,0.0,1954.7
1535,135,2100,black,1-0,0.0,1952.8
1536,136,2100,white,1-0,1.0,1957.0
1537,137,2100,white,0-1,0.0,1955.2
1538,138,2100,black,1-0,0.0,1953.4
1539,139,2100,white,0-1,0.0,1951.6
1540,140,2100,black,1-0,0.0,1949.8
1541,141,2100,white,1-0,1.0,1954.0
1542,142,2100,white,0-1,0.0,1952.2
1543,143,2100,white,1-0,1.0,1956.3
1544,144,2100,white,1/2-1/2,0.5,1957.4
1545,145,2100,black,0-1,1.0,1961.3
1546,146,2100,black,1-0,0.0,1959.6
1547,147,2100,black,1-0,0.0,1957.8
1548,148,2100,black,0-1,1.0,1961.7
1549,149,2100,black,1-0,0.0,1960.0
1550,150,2100,white,0-1,0.0,1958.3
1551,151,2100,black,1-0,0.0,1956.6
1552,152,2100,white,1-0,1.0,1960.4
1553,153,2100,white,1-0,1.0,1964.0
1554,154,2100,white,1-0,1.0,1967.6
1555,155,2100,black,1-0,0.0,1966.0
1556,156,2100,white,0-1,0.0,1964.3
1557,157,2100,black,0-1,1.0,1967.8
1558,158,2100,black,1-0,0.0,1966.2
1559,159,2100,black,0-1,1.0,1969.7
1560,160,2100,black,0-1,1.0,1973.0
1561,161,2100,white,0-1,0.0,1971.4
1562,162,2100,white,0-1,0.0,1969.8
1563,163,2100,white,1-0,1.0,1973.2
1564,164,2100,white,0-1,0.0,1971.6
1565,165,2100,white,0-1,0.0,1970.0
1566,166,2100,white,1-0,1.0,1973.3
1567,167,2100,black,1-0,0.0,1971.7
1568,168,2100,black,0-1,1.0,1974.9
1569,169,2100,black,0-1,1.0,1978.0
1570,170,2100,black,1-0,0.0,1976.5
1571,171,2100,white,1-0,1.0,1979.6
1572,172,2100,black,1-0,0.0,1978.1
1573,173,2100,white,0-1,0.0,1976.6
1574,174,2100,black,0-1,1.0,1979.6
1575,175,2100,white,0-1,0.0,1978.1
1576,176,2100,white,0-1,0.0,1976.6
1577,177,2100,black,1-0,0.0,1975.2
1578,178,2100,white,0-1,0.0,1973.7
1579,179,2100,black,1-0,0.0,1972.3
1580,180,2100,white,1-0,1.0,1975.2
1581,181,2100,black,1-0,0.0,1973.8
1582,182,2100,white,0-1,0.0,1972.4
1583,183,2100,white,1-0,1.0,1975.3
1584,184,2100,white,0-1,0.0,1973.9
1585,185,2100,white,0-1,0.0,1972.5
1586,186,2100,black,1-0,0.0,1971.1
1587,187,2100,black,1-0,0.0,1969.7
1588,188,2100,white,0-1,0.0,1968.4
1589,189,2100,white,1-0,1.0,1971.2
1590,190,2100,white,1-0,1.0,1974.1
1591,191,2100,black,0-1,1.0,1976.9
1592,192,2100,black,1-0,0.0,1975.5
1593,193,2100,white,1-0,1.0,1978.2
1594,194,2100,white,0-1,0.0,1976.9
1595,195,2100,black,1-0,0.0,1975.6
1596,196,2100,black,1-0,0.0,1974.2
1597,197,2100,black,0-1,1.0,1976.9
1598,198,2100,white,1-0,1.0,1979.6
1599,199,2100,black,1-0,0.0,1978.3
1600,200,2100,white,1-0,1.0,1980.9
1601,201,2100,white,1-0,1.0,1983.5
1602,202,2100,black,1-0,0.0,1982.2
1603,203,2100,white,0-1,0.0,1980.9
1604,204,2100,black,0-1,1.0,1983.4
1605,205,2100,white,0-1,0.0,1982.1
1606,206,2100,black,1-0,0.0,1980.9
1607,207,2100,black,1-0,0.0,1979.6
1608,208,2100,black,1-0,0.0,1978.3
1609,209,2100,white,0-1,0.0,1977.1
1610,210,2100,black,1-0,0.0,1975.9
1611,211,2100,black,0-1,1.0,1978.4
1612,212,2100,white,0-1,0.0,1977.1
1613,213,2100,black,1-0,0.0,1975.9
1614,214,2100,black,1-0,0.0,1974.7
1615,215,2100,white,0-1,0.0,1973.5
1616,216,2100,white,0-1,0.0,1972.3
1617,217,2100,white,0-1,0.0,1971.1
1618,218,2100,white,0-1,0.0,1969.9
1619,219,2100,white,0-1,0.0,1968.8
1620,220,2100,black,1-0,0.0,1967.6
1621,221,2100,white,1-0,1.0,1970.1
1622,222,2100,black,1-0,0.0,1968.9
1623,223,2100,black,1-0,0.0,1967.8
1624,224,2100,black,0-1,1.0,1970.2
1625,225,2100,white,0-1,0.0,1969.1
1626,226,2100,white,1-0,1.0,1971.5
1627,227,2100,black,0-1,1.0,1973.8
1628,228,2100,white,1-0,1.0,1976.1
1629,229,2100,white,0-1,0.0,1975.0
1630,230,2100,black,0-1,1.0,1977.3
1631,231,2100,black,1-0,0.0,1976.2
1632,232,2100,white,1-0,1.0,1978.5
1633,233,2100,black,0-1,1.0,1980.7
1634,234,2100,white,1-0,1.0,1982.9
1635,235,2100,black,1-0,0.0,1981.8
1636,236,2100,white,1-0,1.0,1984.0
1637,237,2100,white,1-0,1.0,1986.1
1638,238,2100,black,0-1,1.0,1988.3
1639,239,2100,black,0-1,1.0,1990.4
1640,240,2100,white,1-0,1.0,1992.5
1641,241,2100,white,0-1,0.0,1991.4
1642,242,2100,white,1-0,1.0,1993.4
1643,243,2100,black,1-0,0.0,1992.3
1644,244,2100,black,1-0,0.0,1991.2
1645,245,2100,black,1-0,0.0,1990.1
1646,246,2100,white,0-1,0.0,1989.0
1647,247,2100,white,1-0,1.0,1991.1
1648,248,2100,black,0-1,1.0,1993.1
1649,249,2100,black,1-0,0.0,1992.0
1650,250,2100,black,1-0,0.0,1990.9
1651,251,2100,white,0-1,0.0,1989.9
1652,252,2100,white,0-1,0.0,1988.8
1653,253,2100,black,1-0,0.0,1987.8
1654,254,2100,white,0-1,0.0,1986.7
1655,255,2100,black,0-1,1.0,1988.7
1656,256,2100,black,0-1,1.0,1990.7
1657,257,2100,white,1-0,1.0,1992.6
1658,258,2100,black,1-0,0.0,1991.6
1659,259,2100,white,0-1,0.0,1990.5
1660,260,2100,white,0-1,0.0,1989.5
1661,261,2100,white,0-1,0.0,1988.5
1662,262,2100,black,1-0,0.0,1987.5
1663,263,2100,black,1-0,0.0,1986.5
1664,264,2100,black,1-0,0.0,1985.5
1665,265,2100,black,1-0,0.0,1984.5
1666,266,2100,white,0-1,0.0,1983.5
1667,267,2100,white,0-1,0.0,1982.5
1668,268,2100,white,1-0,1.0,1984.4
1669,269,2100,black,0-1,1.0,1986.3
1670,270,2100,black,0-1,1.0,1988.2
1671,271,2100,white,1-0,1.0,1990.1
1672,272,2100,white,0-1,0.0,1989.1
1673,273,2100,black,1-0,0.0,1988.1
1674,274,2100,black,1-0,0.0,1987.1
1675,275,2100,white,1-0,1.0,1989.0
1676,276,2100,black,1-0,0.0,1988.0
1677,277,2100,white,0-1,0.0,1987.1
1678,278,2100,white,0-1,0.0,1986.1
1679,279,2100,black,0-1,1.0,1987.9
1680,280,2100,white,0-1,0.0,1987.0
1681,281,2100,black,1-0,0.0,1986.0
1682,282,2100,black,1-0,0.0,1985.1
1683,283,2100,white,0-1,0.0,1984.2
1684,284,2100,black,1-0,0.0,1983.2
1685,285,2100,white,1-0,1.0,1985.0
1686,286,2100,black,1-0,0.0,1984.1
1687,287,2100,black,1-0,0.0,1983.2
1688,288,2100,white,0-1,0.0,1982.3
1689,289,2100,white,0-1,0.0,1981.4
1690,290,2100,black,0-1,1.0,1983.2
1691,291,2100,white,0-1,0.0,1982.3
1692,292,2100,black,1-0,0.0,1981.4
1693,293,2100,white,0-1,0.0,1980.5
1694,294,2100,black,1-0,0.0,1979.6
1695,295,2100,black,0-1,1.0,1981.4
1696,296,2100,white,0-1,0.0,1980.5
1697,297,2100,black,1-0,0.0,1979.6
1698,298,2100,white,1-0,1.0,1981.3
1699,299,2100,black,1-0,0.0,1980.5
1700,300,2100,white,0-1,0.0,1979.6
1701,301,2100,white,0-1,0.0,1978.7
1702,302,2100,black,0-1,1.0,1980.5
1703,303,2100,black,1-0,0.0,1979.6
1704,304,2100,white,0-1,0.0,1978.7
1705,305,2100,white,0-1,0.0,1977.9
1706,306,2100,black,0-1,1.0,1979.6
1707,307,2100,black,1-0,0.0,1978.7
1708,308,2100,black,1-0,0.0,1977.9
1709,309,2100,black,1-0,0.0,1977.1
1710,310,2100,black,1-0,0.0,1976.2
1711,311,2100,black,1-0,0.0,1975.4
1712,312,2100,white,0-1,0.0,1974.6
1713,313,2100,white,1-0,1.0,1976.2
1714,314,2100,white,0-1,0.0,1975.4
1715,315,2100,white,1-0,1.0,1977.1
1716,316,2100,white,0-1,0.0,1976.3
1717,317,2100,black,1-0,0.0,1975.5
1718,318,2100,white,0-1,0.0,1974.6
1719,319,2100,white,0-1,0.0,1973.8
1720,320,2100,white,0-1,0.0,1973.0
1721,321,2100,black,1-0,0.0,1972.2
1722,322,2100,white,1-0,1.0,1973.9
1723,323,2100,black,1-0,0.0,1973.1
1724,324,2100,white,1-0,1.0,1974.7
1725,325,2100,white,1-0,1.0,1976.4
1726,326,2100,black,1/2-1/2,0.5,1976.8
1727,327,2100,white,1-0,1.0,1978.4
1728,328,2100,black,1-0,0.0,1977.6
1729,329,2100,black,1-0,0.0,1976.8
1730,330,2100,white,0-1,0.0,1976.0
1731,331,2100,black,1-0,0.0,1975.2
1732,332,2100,black,1-0,0.0,1974.5
1733,333,2100,black,0-1,1.0,1976.1
1734,334,2100,white,0-1,0.0,1975.3
1735,335,2100,black,1-0,0.0,1974.5
1736,336,2100,white,0-1,0.0,1973.7
1737,337,2100,black,1-0,0.0,1973.0
1738,338,2100,black,1-0,0.0,1972.2
1739,339,2100,white,1-0,1.0,1973.8
1740,340,2100,white,0-1,0.0,1973.0
1741,341,2100,white,0-1,0.0,1972.3
1742,342,2100,white,0-1,0.0,1971.5
1743,343,2100,white,1-0,1.0,1973.1
1744,344,2100,black,1-0,0.0,1972.3
1745,345,2100,white,0-1,0.0,1971.6
1746,346,2100,black,1-0,0.0,1970.9
1747,347,2100,white,0-1,0.0,1970.1
1748,348,2100,white,0-1,0.0,1969.4
1749,349,2100,black,1-0,0.0,1968.6
1750,350,2100,black,0-1,1.0,1970.2
1751,351,2100,white,1-0,1.0,1971.7
1752,352,2100,white,1-0,1.0,1973.3
1753,353,2100,black,1-0,0.0,1972.5
1754,354,2100,black,1-0,0.0,1971.8
1755,355,2100,black,1-0,0.0,1971.1
1756,356,2100,white,1-0,1.0,1972.6
1757,357,2100,black,1-0,0.0,1971.9
1758,358,2100,white,0-1,0.0,1971.1
1759,359,2100,black,1-0,0.0,1970.4
1760,360,2100,white,0-1,0.0,1969.7
1761,361,2100,white,0-1,0.0,1969.0
1762,362,2100,white,0-1,0.0,1968.3
1763,363,2100,white,1-0,1.0,1969.8
1764,364,2100,black,0-1,1.0,1971.3
1765,365,2100,black,0-1,1.0,1972.8
1766,366,2100,black,1-0,0.0,1972.1
1767,367,2100,white,1-0,1.0,1973.5
1768,368,2100,black,1-0,0.0,1972.8
1769,369,2100,black,1-0,0.0,1972.1
1770,370,2100,black,1-0,0.0,1971.4
1771,371,2100,black,1-0,0.0,1970.7
1772,372,2100,white,0-1,0.0,1970.0
1773,373,2100,white,0-1,0.0,1969.4
1774,374,2100,black,1-0,0.0,1968.7
1775,375,2100,white,0-1,0.0,1968.0
1776,376,2100,white,0-1,0.0,1967.3
1777,377,2100,white,1-0,1.0,1968.8
1778,378,2100,black,1-0,0.0,1968.1
1779,379,2100,white,0-1,0.0,1967.4
1780,380,2100,black,0-1,1.0,1968.8
1781,381,2100,black,0-1,1.0,1970.3
1782,382,2100,black,0-1,1.0,1971.7
1783,383,2100,white,0-1,0.0,1971.0
1784,384,2100,white,0-1,0.0,1970.3
1785,385,2100,white,1-0,1.0,1971.7
1786,386,2100,black,1-0,0.0,1971.1
1787,387,2100,black,0-1,1.0,1972.5
1788,388,2100,black,1/2-1/2,0.5,1972.8
1789,389,2100,white,0-1,0.0,1972.2
1790,390,2100,black,0-1,1.0,1973.5
1791,391,2100,white,0-1,0.0,1972.9
1792,392,2100,black,0-1,1.0,1974.2
1793,393,2100,white,0-1,0.0,1973.6
1794,394,2100,white,0-1,0.0,1972.9
1795,395,2100,black,1-0,0.0,1972.3
1796,396,2100,black,1-0,0.0,1971.6
1797,397,2100,black,1-0,0.0,1971.0
1798,398,2100,white,0-1,0.0,1970.3
1799,399,2100,white,0-1,0.0,1969.7
1800,400,2100,black,0-1,1.0,1971.0
1801,401,2100,black,1-0,0.0,1970.4
1802,402,2100,white,1-0,1.0,1971.7
1803,403,2100,white,0-1,0.0,1971.1
1804,404,2100,black,1-0,0.0,1970.5
1805,405,2100,white,0-1,0.0,1969.8
1806,406,2100,black,1-0,0.0,1969.2
1807,407,2100,white,0-1,0.0,1968.6
1808,408,2100,black,1-0,0.0,1968.0
1809,409,2100,white,0-1,0.0,1967.3
1810,410,2100,black,1-0,0.0,1966.7
1811,411,2100,white,0-1,0.0,1966.1
1812,412,2100,black,1-0,0.0,1965.5
1813,413,2100,black,1-0,0.0,1964.9
1814,414,2100,black,1-0,0.0,1964.3
1815,415,2100,black,1-0,0.0,1963.6
1816,416,2100,white,0-1,0.0,1963.0
1817,417,2100,white,1-0,1.0,1964.4
1818,418,2100,black,1-0,0.0,1963.8
1819,419,2100,white,0-1,0.0,1963.2
1820,420,2100,white,1-0,1.0,1964.5
1821,421,2100,white,0-1,0.0,1963.9
1822,422,2100,white,1-0,1.0,1965.2
1823,423,2100,black,1-0,0.0,1964.6
1824,424,2100,black,0-1,1.0,1965.9
1825,425,2100,white,0-1,0.0,1965.3
1826,426,2100,black,1-0,0.0,1964.7
1827,427,2100,black,1-0,0.0,1964.1
1828,428,2100,black,1-0,0.0,1963.5
1829,429,2100,white,0-1,0.0,1962.9
1830,430,2100,black,1-0,0.0,1962.3
1831,431,2100,white,0-1,0.0,1961.7
1832,432,2100,white,0-1,0.0,1961.2
1833,433,2100,black,1-0,0.0,1960.6
1834,434,2100,white,0-1,0.0,1960.0
1835,435,2100,white,0-1,0.0,1959.4
1836,436,2100,white,0-1,0.0,1958.8
1837,437,2100,black,0-1,1.0,1960.1
1838,438,2100,black,1-0,0.0,1959.6
1839,439,2100,white,0-1,0.0,1959.0
1840,440,2100,white,0-1,0.0,1958.4
1841,441,2100,black,1-0,0.0,1957.8
1842,442,2100,white,0-1,0.0,1957.3
1843,443,2100,black,1-0,0.0,1956.7
1844,444,2100,white,0-1,0.0,1956.2
1845,445,2100,white,1-0,1.0,1957.4
1846,446,2100,black,1-0,0.0,1956.9
1847,447,2100,black,0-1,1.0,1958.1
1848,448,2100,white,0-1,0.0,1957.6
1849,449,2100,black,1-0,0.0,1957.0
1850,450,2100,white,1-0,1.0,1958.3
1851,451,2100,white,0-1,0.0,1957.7
1852,452,2100,black,1-0,0.0,1957.2
1853,453,2100,black,1-0,0.0,1956.6
1854,454,2100,white,1-0,1.0,1957.9
1855,455,2100,white,0-1,0.0,1957.3
1856,456,2100,black,1-0,0.0,1956.8
1857,457,2100,black,1-0,0.0,1956.2
1858,458,2100,black,1-0,0.0,1955.7
1859,459,2100,black,1-0,0.0,1955.1
1860,460,2100,black,1-0,0.0,1954.6
1861,461,2100,white,1-0,1.0,1955.8
1862,462,2100,white,0-1,0.0,1955.3
1863,463,2100,black,0-1,1.0,1956.5
1864,464,2100,black,0-1,1.0,1957.8
1865,465,2100,white,0-1,0.0,1957.2
1866,466,2100,white,0-1,0.0,1956.7
1867,467,2100,white,1-0,1.0,1957.9
1868,468,2100,white,1-0,1.0,1959.1
1869,469,2100,black,1-0,0.0,1958.6
1870,470,2100,black,1-0,0.0,1958.1
1871,471,2100,white,0-1,0.0,1957.5
1872,472,2100,white,1-0,1.0,1958.7
1873,473,2100,black,1-0,0.0,1958.2
1874,474,2100,black,1-0,0.0,1957.7
1875,475,2100,black,0-1,1.0,1958.9
1876,476,2100,black,1-0,0.0,1958.3
1877,477,2100,black,1-0,0.0,1957.8
1878,478,2100,white,1-0,1.0,1959.0
1879,479,2100,white,0-1,0.0,1958.5
1880,480,2100,white,0-1,0.0,1957.9
1881,481,2100,black,1-0,0.0,1957.4
1882,482,2100,white,0-1,0.0,1956.9
1883,483,2100,white,1-0,1.0,1958.1
1884,484,2100,white,1-0,1.0,1959.3
1885,485,2100,black,1-0,0.0,1958.7
1886,486,2100,black,1-0,0.0,1958.2
1887,487,2100,white,0-1,0.0,1957.7
1888,488,2100,white,0-1,0.0,1957.2
1889,489,2100,black,1-0,0.0,1956.7
1890,490,2100,black,1-0,0.0,1956.2
1891,491,2100,white,0-1,0.0,1955.7
1892,492,2100,black,0-1,1.0,1956.8
1893,493,2100,black,1-0,0.0,1956.3
1894,494,2100,white,1/2-1/2,0.5,1956.6
1895,495,2100,white,0-1,0.0,1956.1
1896,496,2100,black,1-0,0.0,1955.6
1897,497,2100,white,0-1,0.0,1955.1
1898,498,2100,black,1-0,0.0,1954.6
1899,499,2100,white,0-1,0.0,1954.1
1900,500,2100,black,0-1,1.0,1955.3
1901,501,2100,black,1-0,0.0,1954.8
1902,502,2100,black,1-0,0.0,1954.3
1903,503,2100,white,0-1,0.0,1953.8
1904,504,2100,white,1/2-1/2,0.5,1954.1
1905,505,2100,black,1-0,0.0,1953.6
1906,506,2100,white,0-1,0.0,1953.1
1907,507,2100,black,1-0,0.0,1952.6
1908,508,2100,white,0-1,0.0,1952.2
1909,509,2100,white,1-0,1.0,1953.3
1910,510,2100,black,0-1,1.0,1954.4
1911,511,2100,black,1-0,0.0,1953.9
1912,512,2100,white,0-1,0.0,1953.5
1913,513,2100,white,1-0,1.0,1954.6
1914,514,2100,black,0-1,1.0,1955.7
1915,515,2100,white,0-1,0.0,1955.2
1916,516,2100,black,1-0,0.0,1954.7
1917,517,2100,white,1-0,1.0,1955.8
1918,518,2100,white,0-1,0.0,1955.4
1919,519,2100,white,0-1,0.0,1954.9
1920,520,2100,white,1-0,1.0,1956.0
1921,521,2100,white,1-0,1.0,1957.1
1922,522,2100,black,1-0,0.0,1956.6
1923,523,2100,black,1-0,0.0,1956.1
1924,524,2100,white,1-0,1.0,1957.2
1925,525,2100,black,1-0,0.0,1956.7
1926,526,2100,black,1-0,0.0,1956.3
1927,527,2100,white,1-0,1.0,1957.3
1928,528,2100,black,1-0,0.0,1956.9
1929,529,2100,black,1-0,0.0,1956.4
1930,530,2100,black,1-0,0.0,1955.9
1931,531,2100,black,0-1,1.0,1957.0
1932,532,2100,black,0-1,1.0,1958.1
1933,533,2100,white,0-1,0.0,1957.6
1934,534,2100,white,0-1,0.0,1957.1
1935,535,2100,black,1-0,0.0,1956.7
1936,536,2100,white,0-1,0.0,1956.2
1937,537,2100,black,0-1,1.0,1957.3
1938,538,2100,white,0-1,0.0,1956.8
1939,539,2100,black,1-0,0.0,1956.3
1940,540,2100,white,1-0,1.0,1957.4
1941,541,2100,black,1-0,0.0,1956.9
1942,542,2100,white,1-0,1.0,1958.0
1943,543,2100,white,0-1,0.0,1957.5
1944,544,2100,white,1-0,1.0,1958.6
1945,545,2100,black,0-1,1.0,1959.6
1946,546,2100,black,0-1,1.0,1960.6
1947,547,2100,black,1-0,0.0,1960.2
1948,548,2100,black,1-0,0.0,1959.7
1949,549,2100,white,0-1,0.0,1959.2
1950,550,2100,white,0-1,0.0,1958.8
1951,551,2100,white,0-1,0.0,1958.3
1952,552,2100,white,1-0,1.0,1959.4
1953,553,2100,black,1-0,0.0,1958.9
1954,554,2100,black,1-0,0.0,1958.4
1955,555,2100,black,1-0,0.0,1958.0
1956,556,2100,white,0-1,0.0,1957.5
1957,557,2100,black,1-0,0.0,1957.1
1958,558,2100,white,0-1,0.0,1956.6
1959,559,2100,black,1-0,0.0,1956.2
1960,560,2100,white,0-1,0.0,1955.8
1961,561,2100,black,1-0,0.0,1955.3
1962,562,2100,white,1-0,1.0,1956.3
1963,563,2100,white,0-1,0.0,1955.9
1964,564,2100,black,0-1,1.0,1956.9
1965,565,2100,white,0-1,0.0,1956.5
1966,566,2100,black,1-0,0.0,1956.0
1967,567,2100,black,1-0,0.0,1955.6
1968,568,2100,black,0-1,1.0,1956.6
1969,569,2100,white,0-1,0.0,1956.1
1970,570,2100,black,0-1,1.0,1957.1
1971,571,2100,white,1-0,1.0,1958.1
1972,572,2100,black,1-0,0.0,1957.7
1973,573,2100,black,1-0,0.0,1957.3
1974,574,2100,white,1-0,1.0,1958.3
1975,575,2100,black,0-1,1.0,1959.2
1976,576,2100,white,0-1,0.0,1958.8
1977,577,2100,white,0-1,0.0,1958.4
1978,578,2100,black,0-1,1.0,1959.3
1979,579,2100,white,0-1,0.0,1958.9
1980,580,2100,white,1-0,1.0,1959.9
1981,581,2100,black,1-0,0.0,1959.5
1982,582,2100,white,0-1,0.0,1959.0
1983,583,2100,black,1-0,0.0,1958.6
1984,584,2100,black,1-0,0.0,1958.2
1985,585,2100,white,0-1,0.0,1957.7
1986,586,2100,white,0-1,0.0,1957.3
1987,587,2100,black,1-0,0.0,1956.9
1988,588,2100,black,1-0,0.0,1956.5
1989,589,2100,white,0-1,0.0,1956.0
1990,590,2100,white,1-0,1.0,1957.0
1991,591,2100,black,0-1,1.0,1958.0
1992,592,2100,white,0-1,0.0,1957.5
1993,593,2100,black,1-0,0.0,1957.1
1994,594,2100,white,0-1,0.0,1956.7
1995,595,2100,black,0-1,1.0,1957.6
1996,596,2100,white,0-1,0.0,1957.2
1997,597,2100,white,0-1,0.0,1956.8
1998,598,2100,white,1-0,1.0,1957.8
1999,599,2100,black,1-0,0.0,1957.3
2000,600,2100,white,1/2-1/2,0.5,1957.6
2001,601,2100,black,1-0,0.0,1957.2
2002,602,2100,black,0-1,1.0,1958.1
2003,603,2100,black,1-0,0.0,1957.7
2004,604,2100,white,1/2-1/2,0.5,1958.0
2005,605,2100,white,1-0,1.0,1958.9
2006,606,2100,black,0-1,1.0,1959.9
2007,607,2100,white,0-1,0.0,1959.4
2008,608,2100,black,1-0,0.0,1959.0
2009,609,2100,white,0-1,0.0,1958.6
2010,610,2100,black,1-0,0.0,1958.2
2011,611,2100,black,1-0,0.0,1957.8
2012,612,2100,white,0-1,0.0,1957.4
2013,613,2100,white,1-0,1.0,1958.3
2014,614,2100,black,1-0,0.0,1957.9
2015,615,2100,white,0-1,0.0,1957.5
2016,616,2100,black,0-1,1.0,1958.4
2017,617,2100,white,0-1,0.0,1958.0
2018,618,2100,white,1-0,1.0,1958.9
2019,619,2100,black,1-0,0.0,1958.5
2020,620,2100,black,1-0,0.0,1958.1
2021,621,2100,black,1-0,0.0,1957.7
2022,622,2100,white,0-1,0.0,1957.3
2023,623,2100,white,1-0,1.0,1958.2
2024,624,2100,white,1-0,1.0,1959.1
2025,625,2100,black,0-1,1.0,1960.0
2026,626,2100,white,0-1,0.0,1959.6
2027,627,2100,white,0-1,0.0,1959.2
2028,628,2100,black,1-0,0.0,1958.8
2029,629,2100,white,1-0,1.0,1959.7
2030,630,2100,black,1-0,0.0,1959.3
2031,631,2100,white,1-0,1.0,1960.2
2032,632,2100,white,0-1,0.0,1959.8
2033,633,2100,white,1-0,1.0,1960.7
2034,634,2100,black,1-0,0.0,1960.3
2035,635,2100,black,0-1,1.0,1961.2
2036,636,2100,white,0-1,0.0,1960.8
2037,637,2100,black,1-0,0.0,1960.4
2038,638,2100,black,1-0,0.0,1960.0
2039,639,2100,black,1-0,0.0,1959.6
2040,640,2100,black,0-1,1.0,1960.5
2041,641,2100,white,1-0,1.0,1961.4
2042,642,2100,black,1-0,0.0,1961.0
2043,643,2100,black,1/2-1/2,0.5,1961.2
2044,644,2100,white,0-1,0.0,1960.8
2045,645,2100,black,0-1,1.0,1961.7
2046,646,2100,white,0-1,0.0,1961.3
2047,647,2100,white,1-0,1.0,1962.2
2048,648,2100,white,0-1,0.0,1961.8
2049,649,2100,black,1-0,0.0,1961.4
2050,650,2100,white,1-0,1.0,1962.3
2051,651,2100,black,1-0,0.0,1961.9
2052,652,2100,black,0-1,1.0,1962.7
2053,653,2100,white,0-1,0.0,1962.3
2054,654,2100,black,1-0,0.0,1961.9
2055,655,2100,black,1-0,0.0,1961.6
2056,656,2100,black,1-0,0.0,1961.2
2057,657,2100,white,0-1,0.0,1960.8
2058,658,2100,white,1-0,1.0,1961.6
2059,659,2100,white,0-1,0.0,1961.3
2060,660,2100,black,1-0,0.0,1960.9
2061,661,2100,black,1-0,0.0,1960.5
2062,662,2100,white,1-0,1.0,1961.3
2063,663,2100,black,1-0,0.0,1961.0
2064,664,2100,white,0-1,0.0,1960.6
2065,665,2100,white,0-1,0.0,1960.2
2066,666,2100,white,1/2-1/2,0.5,1960.4
2067,667,2100,white,1-0,1.0,1961.3
2068,668,2100,white,0-1,0.0,1960.9
2069,669,2100,black,1-0,0.0,1960.5
2070,670,2100,black,1-0,0.0,1960.2
2071,671,2100,black,1-0,0.0,1959.8
2072,672,2100,black,1-0,0.0,1959.4
2073,673,2100,white,0-1,0.0,1959.0
2074,674,2100,white,1-0,1.0,1959.9
2075,675,2100,black,1-0,0.0,1959.5
2076,676,2100,black,0-1,1.0,1960.3
2077,677,2100,black,1-0,0.0,1960.0
2078,678,2100,white,0-1,0.0,1959.6
2079,679,2100,white,0-1,0.0,1959.2
2080,680,2100,black,1-0,0.0,1958.9
2081,681,2100,black,1-0,0.0,1958.5
2082,682,2100,black,1-0,0.0,1958.1
2083,683,2100,white,0-1,0.0,1957.7
2084,684,2100,black,1-0,0.0,1957.4
2085,685,2100,white,0-1,0.0,1957.0
2086,686,2100,black,0-1,1.0,1957.8
2087,687,2100,white,0-1,0.0,1957.5
2088,688,2100,white,1-0,1.0,1958.3
2089,689,2100,white,1-0,1.0,1959.1
2090,690,2100,black,0-1,1.0,1959.9
2091,691,2100,white,0-1,0.0,1959.6
2092,692,2100,black,1-0,0.0,1959.2
2093,693,2100,white,0-1,0.0,1958.9
2094,694,2100,white,0-1,0.0,1958.5
2095,695,2100,black,1-0,0.0,1958.1
2096,696,2100,black,1-0,0.0,1957.8
2097,697,2100,white,0-1,0.0,1957.4
2098,698,2100,black,1-0,0.0,1957.1
2099,699,2100,white,0-1,0.0,1956.7
2100,700,2100,black,1-0,0.0,1956.3
